repetition,cache_bytes,cache_mib,layout,mode,workload,pass_index,cache_condition,requested_units,selected_instance_rows,logical_bytes,read_ms,wall_ms,p50_unit_ms,p95_unit_ms,max_unit_ms,storage_frames_per_second,file_reads,file_batch_reads,file_bytes,cache_hits,cache_misses,cache_evictions,value_digest
000,0,0.0,regular,full,random_frames_contract,0,workload_first_pass_shared_process_cache,128,128,8704,4127.32357000001,4128.303459,7.548914999999999,162.251373,312.136166,,1024,896,371709109,0,1024,0,2088661f75d94debeaef555365c9e793af09792fb6608d149414af8d76b42ecb
000,0,0.0,regular,full,random_frames_contract,1,workload_immediate_repeat_shared_process_cache,128,128,8704,1627.673134999999,1627.924791,5.579665000000001,50.559374000000005,69.600375,,1024,896,371709109,0,1024,0,2088661f75d94debeaef555365c9e793af09792fb6608d149414af8d76b42ecb
000,0,0.0,regular,full,random_frames_ui,0,workload_first_pass_shared_process_cache,128,128,3072,1412.7273739999991,1413.20175,2.178,62.729083,135.925124,,384,256,60605555,0,384,0,05862f9493d6a8dbad4e24db20ad6263d3cf51fc266fc64ce3e3550f166ac06b
000,0,0.0,regular,full,random_frames_ui,1,workload_immediate_repeat_shared_process_cache,128,128,3072,215.49179199999992,215.573,1.7076259999999999,1.831459,1.911292,,384,256,60605555,0,384,0,05862f9493d6a8dbad4e24db20ad6263d3cf51fc266fc64ce3e3550f166ac06b
000,0,0.0,regular,full,random_ranges_contract,0,workload_first_pass_shared_process_cache,64,2048,139264,1183.3468330000007,1183.920125,5.495582,36.388166999999996,284.720792,,512,448,181037202,0,512,0,22eed604776c14ca9b08375c6d812b383c580f0bcc4fb64bc3f921d96c4d7120
000,0,0.0,regular,full,random_ranges_contract,1,workload_immediate_repeat_shared_process_cache,64,2048,139264,1177.0324180000002,1177.581,9.843959,46.006292,131.827335,,512,448,181037202,0,512,0,22eed604776c14ca9b08375c6d812b383c580f0bcc4fb64bc3f921d96c4d7120
000,0,0.0,regular,full,sequential_contract_forward,0,workload_first_pass_shared_process_cache,1698,1187087,80721916,18585.522968000096,18800.614708,5.1946650000000005,37.697041999999996,239.378914,63920.7194785671,13659,11957,4857414205,0,13659,0,b021cb12a40e37e28466406b6aff96023c9bd85a524242b5d24d83f31719746e
000,0,0.0,regular,full,sequential_contract_forward,1,workload_immediate_repeat_shared_process_cache,1698,1187087,80721916,11660.923589000009,11831.209208,5.086249,6.58775,335.17420799999996,101878.72263571515,13659,11957,4857414205,0,13659,0,b021cb12a40e37e28466406b6aff96023c9bd85a524242b5d24d83f31719746e
000,0,0.0,regular,full,sequential_ui_forward,0,workload_first_pass_shared_process_cache,1698,1187087,28490088,3518.585836000001,3581.545625,1.708833,1.9445,39.838334,337635.6455042581,5120,3418,784102020,0,5120,0,96d9ae52d98e3f544c9accc67b7f2acc8506daa6e5c3147b17d9a7c0c4735670
000,0,0.0,regular,full,sequential_ui_forward,1,workload_immediate_repeat_shared_process_cache,1698,1187087,28490088,3607.4559369999993,3670.103042,1.725416,1.951458,38.610583000000005,329317.951694222,5120,3418,784102020,0,5120,0,96d9ae52d98e3f544c9accc67b7f2acc8506daa6e5c3147b17d9a7c0c4735670
000,0,0.0,regular,full,sequential_ui_reverse,0,workload_first_pass_shared_process_cache,1698,1187087,28490088,3157.3861260000153,3218.057083,1.738,1.9489180000000002,28.772625,376260.60056995205,5120,3418,784102020,0,5120,0,7a015f92bb3966c236ec8d43bb120b56847634356a809923c86a20f58f29ad5e
000,0,0.0,regular,full,sequential_ui_reverse,1,workload_immediate_repeat_shared_process_cache,1698,1187087,28490088,3189.439782,3249.624208,1.736959,1.940208,17.060375,372479.2067574455,5120,3418,784102020,0,5120,0,7a015f92bb3966c236ec8d43bb120b56847634356a809923c86a20f58f29ad5e
000,0,0.0,hybrid,full,random_frames_contract,0,workload_first_pass_shared_process_cache,128,128,8704,5503.4099680000045,5506.839875,20.050625,81.26558200000001,691.5188730000001,,1920,1792,48070727,0,3072,0,2088661f75d94debeaef555365c9e793af09792fb6608d149414af8d76b42ecb
000,0,0.0,hybrid,full,random_frames_contract,1,workload_immediate_repeat_shared_process_cache,128,128,8704,186.71300000000005,187.046125,1.2430430000000001,2.936043,4.188250000000001,,1920,1792,48070727,0,3072,0,2088661f75d94debeaef555365c9e793af09792fb6608d149414af8d76b42ecb
000,0,0.0,hybrid,full,random_frames_ui,0,workload_first_pass_shared_process_cache,128,128,3072,2018.3806209999998,2019.939166,14.716625,31.003792,198.648084,,640,512,8105650,0,1152,0,05862f9493d6a8dbad4e24db20ad6263d3cf51fc266fc64ce3e3550f166ac06b
000,0,0.0,hybrid,full,random_frames_ui,1,workload_immediate_repeat_shared_process_cache,128,128,3072,87.21320800000014,87.404459,0.50925,1.456459,2.203625,,640,512,8105650,0,1152,0,05862f9493d6a8dbad4e24db20ad6263d3cf51fc266fc64ce3e3550f166ac06b
000,0,0.0,hybrid,full,random_ranges_contract,0,workload_first_pass_shared_process_cache,64,2048,139264,890.240507,891.408125,3.259126,54.242708,84.62950000000001,,960,896,23626630,0,1536,0,22eed604776c14ca9b08375c6d812b383c580f0bcc4fb64bc3f921d96c4d7120
000,0,0.0,hybrid,full,random_ranges_contract,1,workload_immediate_repeat_shared_process_cache,64,2048,139264,90.55000200000002,91.010833,1.246626,2.358126,2.835833,,960,896,23626630,0,1536,0,22eed604776c14ca9b08375c6d812b383c580f0bcc4fb64bc3f921d96c4d7120
000,0,0.0,hybrid,full,sequential_contract_forward,0,workload_first_pass_shared_process_cache,1698,1187087,80721916,2571.094955999997,2736.5275,1.143499,1.2510409999999998,49.709499,462059.94734952966,26053,23786,652860428,0,41378,0,b021cb12a40e37e28466406b6aff96023c9bd85a524242b5d24d83f31719746e
000,0,0.0,hybrid,full,sequential_contract_forward,1,workload_immediate_repeat_shared_process_cache,1698,1187087,80721916,2061.921503999999,2227.254583,1.1438329999999999,1.2293319999999999,46.840626,576161.6034826515,26053,23786,652860428,0,41378,0,b021cb12a40e37e28466406b6aff96023c9bd85a524242b5d24d83f31719746e
000,0,0.0,hybrid,full,sequential_ui_forward,0,workload_first_pass_shared_process_cache,1698,1187087,28490088,891.1665549999977,952.083875,0.373166,0.405875,14.458459,1333084.1393615843,8672,6796,109306347,0,15502,0,96d9ae52d98e3f544c9accc67b7f2acc8506daa6e5c3147b17d9a7c0c4735670
000,0,0.0,hybrid,full,sequential_ui_forward,1,workload_immediate_repeat_shared_process_cache,1698,1187087,28490088,789.6701999999996,850.67925,0.3805,0.42854200000000003,134.599,1504425.5183999606,8672,6796,109306347,0,15502,0,96d9ae52d98e3f544c9accc67b7f2acc8506daa6e5c3147b17d9a7c0c4735670
000,0,0.0,hybrid,full,sequential_ui_reverse,0,workload_first_pass_shared_process_cache,1698,1187087,28490088,661.143377999997,723.087667,0.382625,0.408792,14.0075,1796887.0891421156,8672,6796,109306347,0,15502,0,7a015f92bb3966c236ec8d43bb120b56847634356a809923c86a20f58f29ad5e
000,0,0.0,hybrid,full,sequential_ui_reverse,1,workload_immediate_repeat_shared_process_cache,1698,1187087,28490088,649.0370779999994,711.358959,0.383126,0.409875,0.529999,1830403.9018245444,8672,6796,109306347,0,15502,0,7a015f92bb3966c236ec8d43bb120b56847634356a809923c86a20f58f29ad5e
000,134217728,128.0,hybrid,full,random_frames_contract,0,workload_first_pass_shared_process_cache,128,128,8704,102.68991900000005,102.9245,0.27016500000000004,0.8536679999999999,49.113122999999995,,311,311,17239676,2028,321,0,2088661f75d94debeaef555365c9e793af09792fb6608d149414af8d76b42ecb
000,134217728,128.0,hybrid,full,random_frames_contract,1,workload_immediate_repeat_shared_process_cache,128,128,8704,10.826270999999966,11.031875,0.08316899999999999,0.09424999999999999,0.11783300000000001,,0,0,0,2048,0,0,2088661f75d94debeaef555365c9e793af09792fb6608d149414af8d76b42ecb
000,134217728,128.0,hybrid,full,random_frames_ui,0,workload_first_pass_shared_process_cache,128,128,3072,24.624835000000022,24.766,0.18470799999999998,0.413583,0.634292,,126,125,3495942,758,166,0,05862f9493d6a8dbad4e24db20ad6263d3cf51fc266fc64ce3e3550f166ac06b
000,134217728,128.0,hybrid,full,random_frames_ui,1,workload_immediate_repeat_shared_process_cache,128,128,3072,3.9134219999999997,3.984417,0.030541,0.03325,0.036916,,0,0,0,768,0,0,05862f9493d6a8dbad4e24db20ad6263d3cf51fc266fc64ce3e3550f166ac06b
000,134217728,128.0,hybrid,full,random_ranges_contract,0,workload_first_pass_shared_process_cache,64,2048,139264,72.10517200000002,72.489542,0.086086,0.8509159999999999,36.027001000000006,,64,64,2248061,1024,66,0,22eed604776c14ca9b08375c6d812b383c580f0bcc4fb64bc3f921d96c4d7120
000,134217728,128.0,hybrid,full,random_ranges_contract,1,workload_immediate_repeat_shared_process_cache,64,2048,139264,5.356160000000008,5.739625,0.08204199999999999,0.10179200000000001,0.128459,,0,0,0,1024,0,0,22eed604776c14ca9b08375c6d812b383c580f0bcc4fb64bc3f921d96c4d7120
000,134217728,128.0,hybrid,full,sequential_contract_forward,0,workload_first_pass_shared_process_cache,1698,1187087,80721916,132.7998769999998,298.616,0.07208400000000001,0.08441799999999998,0.6822499999999999,8945791.418165257,59,59,2376035,27787,59,0,b021cb12a40e37e28466406b6aff96023c9bd85a524242b5d24d83f31719746e
000,134217728,128.0,hybrid,full,sequential_contract_forward,1,workload_immediate_repeat_shared_process_cache,1698,1187087,80721916,121.78868900000055,286.859375,0.07062600000000001,0.078875,0.10695799999999998,9754600.445694877,0,0,0,27787,0,0,b021cb12a40e37e28466406b6aff96023c9bd85a524242b5d24d83f31719746e
000,134217728,128.0,hybrid,full,sequential_ui_forward,0,workload_first_pass_shared_process_cache,1698,1187087,28490088,54.804138000000094,115.7045,0.027791999999999997,0.036084,0.32529099999999994,21677195.251205266,38,38,831371,10406,38,0,96d9ae52d98e3f544c9accc67b7f2acc8506daa6e5c3147b17d9a7c0c4735670
000,134217728,128.0,hybrid,full,sequential_ui_forward,1,workload_immediate_repeat_shared_process_cache,1698,1187087,28490088,46.551985000000165,108.133625,0.026875000000000003,0.031,0.051333000000000004,25519856.994282752,0,0,0,10406,0,0,96d9ae52d98e3f544c9accc67b7f2acc8506daa6e5c3147b17d9a7c0c4735670
000,134217728,128.0,hybrid,full,sequential_ui_reverse,0,workload_first_pass_shared_process_cache,1698,1187087,28490088,45.902857000000004,106.744,0.026542000000000003,0.029875,0.044584,25880742.020044632,0,0,0,10406,0,0,7a015f92bb3966c236ec8d43bb120b56847634356a809923c86a20f58f29ad5e
000,134217728,128.0,hybrid,full,sequential_ui_reverse,1,workload_immediate_repeat_shared_process_cache,1698,1187087,28490088,45.89792000000022,106.82875,0.026624000000000002,0.030376,0.041834,25883525.87655376,0,0,0,10406,0,0,7a015f92bb3966c236ec8d43bb120b56847634356a809923c86a20f58f29ad5e
000,134217728,128.0,regular,full,random_frames_contract,0,workload_first_pass_shared_process_cache,128,128,8704,2012.7116330000017,2013.759375,0.20616600000000002,146.713416,301.18662700000004,,50,50,21265717,974,50,0,2088661f75d94debeaef555365c9e793af09792fb6608d149414af8d76b42ecb
000,134217728,128.0,regular,full,random_frames_contract,1,workload_immediate_repeat_shared_process_cache,128,128,8704,18.65194300000004,19.129083,0.13475,0.201919,0.27671,,0,0,0,1024,0,0,2088661f75d94debeaef555365c9e793af09792fb6608d149414af8d76b42ecb
000,134217728,128.0,regular,full,random_frames_ui,0,workload_first_pass_shared_process_cache,128,128,3072,953.2185939999997,953.845083,0.055833,44.767333,123.8355,,28,23,4823302,356,28,0,05862f9493d6a8dbad4e24db20ad6263d3cf51fc266fc64ce3e3550f166ac06b
000,134217728,128.0,regular,full,random_frames_ui,1,workload_immediate_repeat_shared_process_cache,128,128,3072,5.267383,5.398,0.039999,0.047292,0.049958,,0,0,0,384,0,0,05862f9493d6a8dbad4e24db20ad6263d3cf51fc266fc64ce3e3550f166ac06b
000,134217728,128.0,regular,full,random_ranges_contract,0,workload_first_pass_shared_process_cache,64,2048,139264,147.0231719999999,147.740125,0.113208,0.36333400000000005,137.91145699999998,,5,5,116100,507,5,0,22eed604776c14ca9b08375c6d812b383c580f0bcc4fb64bc3f921d96c4d7120
000,134217728,128.0,regular,full,random_ranges_contract,1,workload_immediate_repeat_shared_process_cache,64,2048,139264,14.186782,15.23625,0.20779300000000003,0.300044,0.692791,,0,0,0,512,0,0,22eed604776c14ca9b08375c6d812b383c580f0bcc4fb64bc3f921d96c4d7120
000,134217728,128.0,regular,full,sequential_contract_forward,0,workload_first_pass_shared_process_cache,1698,1187087,80721916,122.28912800000025,288.090625,0.07141700000000001,0.078125,0.135998,9714682.077052651,0,0,0,13659,0,0,b021cb12a40e37e28466406b6aff96023c9bd85a524242b5d24d83f31719746e
000,134217728,128.0,regular,full,sequential_contract_forward,1,workload_immediate_repeat_shared_process_cache,1698,1187087,80721916,119.40684300000095,284.48675,0.069916,0.075292,0.113876,9949178.540797621,0,0,0,13659,0,0,b021cb12a40e37e28466406b6aff96023c9bd85a524242b5d24d83f31719746e
000,134217728,128.0,regular,full,sequential_ui_forward,0,workload_first_pass_shared_process_cache,1698,1187087,28490088,102.27591500000018,174.797083,0.02825,0.052875000000000005,27.465166,11615637.953471234,0,0,0,5120,0,0,96d9ae52d98e3f544c9accc67b7f2acc8506daa6e5c3147b17d9a7c0c4735670
000,134217728,128.0,regular,full,sequential_ui_forward,1,workload_immediate_repeat_shared_process_cache,1698,1187087,28490088,45.88306500000015,104.748917,0.026791000000000002,0.029958000000000002,0.060918,25891905.869845357,0,0,0,5120,0,0,96d9ae52d98e3f544c9accc67b7f2acc8506daa6e5c3147b17d9a7c0c4735670
000,134217728,128.0,regular,full,sequential_ui_reverse,0,workload_first_pass_shared_process_cache,1698,1187087,28490088,44.933278999999935,105.157333,0.026167000000000003,0.028957999999999998,0.042374999999999996,26439201.109716512,0,0,0,5120,0,0,7a015f92bb3966c236ec8d43bb120b56847634356a809923c86a20f58f29ad5e
000,134217728,128.0,regular,full,sequential_ui_reverse,1,workload_immediate_repeat_shared_process_cache,1698,1187087,28490088,44.95783200000004,104.845792,0.026166000000000002,0.029209,0.041958999999999996,26424761.76342309,0,0,0,5120,0,0,7a015f92bb3966c236ec8d43bb120b56847634356a809923c86a20f58f29ad5e
001,134217728,128.0,hybrid,full,random_frames_contract,0,workload_first_pass_shared_process_cache,128,128,8704,12492.632666000025,12495.330333,44.937583000000004,224.239251,635.144082,,311,311,17239676,2028,321,0,2088661f75d94debeaef555365c9e793af09792fb6608d149414af8d76b42ecb
001,134217728,128.0,hybrid,full,random_frames_contract,1,workload_immediate_repeat_shared_process_cache,128,128,8704,24.528226000000007,25.106417,0.18158400000000002,0.26354399999999994,0.36379100000000003,,0,0,0,2048,0,0,2088661f75d94debeaef555365c9e793af09792fb6608d149414af8d76b42ecb
001,134217728,128.0,hybrid,full,random_frames_ui,0,workload_first_pass_shared_process_cache,128,128,3072,5045.067839000001,5046.667334,36.714374,83.814959,266.708793,,126,125,3495942,758,166,0,05862f9493d6a8dbad4e24db20ad6263d3cf51fc266fc64ce3e3550f166ac06b
001,134217728,128.0,hybrid,full,random_frames_ui,1,workload_immediate_repeat_shared_process_cache,128,128,3072,9.663908000000005,9.985708,0.068667,0.105959,0.413375,,0,0,0,768,0,0,05862f9493d6a8dbad4e24db20ad6263d3cf51fc266fc64ce3e3550f166ac06b
001,134217728,128.0,hybrid,full,random_ranges_contract,0,workload_first_pass_shared_process_cache,64,2048,139264,2421.182464999998,2423.46,0.495124,183.959501,286.909876,,64,64,2248061,1024,66,0,22eed604776c14ca9b08375c6d812b383c580f0bcc4fb64bc3f921d96c4d7120
001,134217728,128.0,hybrid,full,random_ranges_contract,1,workload_immediate_repeat_shared_process_cache,64,2048,139264,13.198253000000022,14.247542,0.18187499999999998,0.34441600000000006,0.39349900000000004,,0,0,0,1024,0,0,22eed604776c14ca9b08375c6d812b383c580f0bcc4fb64bc3f921d96c4d7120
001,134217728,128.0,hybrid,full,sequential_contract_forward,0,workload_first_pass_shared_process_cache,1698,1187087,80721916,2376.4787320000064,2683.457833,0.124666,0.382251,173.79820800000002,499899.27702832763,59,59,2376035,27787,59,0,b021cb12a40e37e28466406b6aff96023c9bd85a524242b5d24d83f31719746e
001,134217728,128.0,hybrid,full,sequential_contract_forward,1,workload_immediate_repeat_shared_process_cache,1698,1187087,80721916,129.53749600000037,299.709375,0.072874,0.09783199999999999,0.181875,9171089.736056011,0,0,0,27787,0,0,b021cb12a40e37e28466406b6aff96023c9bd85a524242b5d24d83f31719746e
001,134217728,128.0,hybrid,full,sequential_ui_forward,0,workload_first_pass_shared_process_cache,1698,1187087,28490088,1577.0308239999993,1740.776167,0.07675,0.21028999999999998,53.587416,753314.3816344332,38,38,831371,10406,38,0,96d9ae52d98e3f544c9accc67b7f2acc8506daa6e5c3147b17d9a7c0c4735670
001,134217728,128.0,hybrid,full,sequential_ui_forward,1,workload_immediate_repeat_shared_process_cache,1698,1187087,28490088,53.91011700000011,121.024292,0.027917000000000004,0.05395899999999999,0.126583,22036680.053949755,0,0,0,10406,0,0,96d9ae52d98e3f544c9accc67b7f2acc8506daa6e5c3147b17d9a7c0c4735670
001,134217728,128.0,hybrid,full,sequential_ui_reverse,0,workload_first_pass_shared_process_cache,1698,1187087,28490088,46.57709500000004,107.106375,0.027000000000000003,0.030625,0.046583,25506099.081533507,0,0,0,10406,0,0,7a015f92bb3966c236ec8d43bb120b56847634356a809923c86a20f58f29ad5e
001,134217728,128.0,hybrid,full,sequential_ui_reverse,1,workload_immediate_repeat_shared_process_cache,1698,1187087,28490088,46.40311000000007,106.679083,0.026916000000000002,0.030416,0.059959,25601732.29768432,0,0,0,10406,0,0,7a015f92bb3966c236ec8d43bb120b56847634356a809923c86a20f58f29ad5e
001,134217728,128.0,regular,full,random_frames_contract,0,workload_first_pass_shared_process_cache,128,128,8704,3651.0116119999957,3652.049875,0.20870900000000003,292.035374,513.763918,,50,50,21265717,974,50,0,2088661f75d94debeaef555365c9e793af09792fb6608d149414af8d76b42ecb
001,134217728,128.0,regular,full,random_frames_contract,1,workload_immediate_repeat_shared_process_cache,128,128,8704,18.522099000000015,18.969042,0.135625,0.203,0.231083,,0,0,0,1024,0,0,2088661f75d94debeaef555365c9e793af09792fb6608d149414af8d76b42ecb
001,134217728,128.0,regular,full,random_frames_ui,0,workload_first_pass_shared_process_cache,128,128,3072,1613.2040029999996,1613.9135,0.071792,75.128791,185.16512300000002,,28,23,4823302,356,28,0,05862f9493d6a8dbad4e24db20ad6263d3cf51fc266fc64ce3e3550f166ac06b
001,134217728,128.0,regular,full,random_frames_ui,1,workload_immediate_repeat_shared_process_cache,128,128,3072,8.490662999999996,8.737042,0.064876,0.081166,0.130251,,0,0,0,384,0,0,05862f9493d6a8dbad4e24db20ad6263d3cf51fc266fc64ce3e3550f166ac06b
001,134217728,128.0,regular,full,random_ranges_contract,0,workload_first_pass_shared_process_cache,64,2048,139264,323.10221199999995,323.870666,0.11325099999999999,0.31875,313.97145800000004,,5,5,116100,507,5,0,22eed604776c14ca9b08375c6d812b383c580f0bcc4fb64bc3f921d96c4d7120
001,134217728,128.0,regular,full,random_ranges_contract,1,workload_immediate_repeat_shared_process_cache,64,2048,139264,14.733879999999994,15.855875,0.199665,0.39112399999999997,1.1100400000000001,,0,0,0,512,0,0,22eed604776c14ca9b08375c6d812b383c580f0bcc4fb64bc3f921d96c4d7120
001,134217728,128.0,regular,full,sequential_contract_forward,0,workload_first_pass_shared_process_cache,1698,1187087,80721916,120.74742600000039,284.977625,0.070707,0.077624,0.11374899999999999,9838719.046482997,0,0,0,13659,0,0,b021cb12a40e37e28466406b6aff96023c9bd85a524242b5d24d83f31719746e
001,134217728,128.0,regular,full,sequential_contract_forward,1,workload_immediate_repeat_shared_process_cache,1698,1187087,80721916,119.176413,282.601916,0.069749,0.075875,0.11046,9968415.478321202,0,0,0,13659,0,0,b021cb12a40e37e28466406b6aff96023c9bd85a524242b5d24d83f31719746e
001,134217728,128.0,regular,full,sequential_ui_forward,0,workload_first_pass_shared_process_cache,1698,1187087,28490088,49.513600000000004,115.534833,0.027084000000000004,0.041666999999999996,0.070292,23993407.87177664,0,0,0,5120,0,0,96d9ae52d98e3f544c9accc67b7f2acc8506daa6e5c3147b17d9a7c0c4735670
001,134217728,128.0,regular,full,sequential_ui_forward,1,workload_immediate_repeat_shared_process_cache,1698,1187087,28490088,45.39754900000018,102.986208,0.026791,0.029292,0.061458000000000006,26168813.65115097,0,0,0,5120,0,0,96d9ae52d98e3f544c9accc67b7f2acc8506daa6e5c3147b17d9a7c0c4735670
001,134217728,128.0,regular,full,sequential_ui_reverse,0,workload_first_pass_shared_process_cache,1698,1187087,28490088,45.075718,103.363334,0.026416000000000002,0.029500000000000002,0.053708,26355653.391921565,0,0,0,5120,0,0,7a015f92bb3966c236ec8d43bb120b56847634356a809923c86a20f58f29ad5e
001,134217728,128.0,regular,full,sequential_ui_reverse,1,workload_immediate_repeat_shared_process_cache,1698,1187087,28490088,45.16003100000011,103.377417,0.026458000000000002,0.029332999999999998,0.05525,26306447.84101227,0,0,0,5120,0,0,7a015f92bb3966c236ec8d43bb120b56847634356a809923c86a20f58f29ad5e
001,0,0.0,regular,full,random_frames_contract,0,workload_first_pass_shared_process_cache,128,128,8704,4449.584478999998,4450.274417,5.923124,262.242039,386.646876,,1024,896,371709109,0,1024,0,2088661f75d94debeaef555365c9e793af09792fb6608d149414af8d76b42ecb
001,0,0.0,regular,full,random_frames_contract,1,workload_immediate_repeat_shared_process_cache,128,128,8704,803.1930489999997,803.541625,5.1216230000000005,10.833750000000002,43.094874,,1024,896,371709109,0,1024,0,2088661f75d94debeaef555365c9e793af09792fb6608d149414af8d76b42ecb
001,0,0.0,regular,full,random_frames_ui,0,workload_first_pass_shared_process_cache,128,128,3072,7261.929125999994,7263.801042,53.382125,68.518166,112.123917,,384,256,60605555,0,384,0,05862f9493d6a8dbad4e24db20ad6263d3cf51fc266fc64ce3e3550f166ac06b
001,0,0.0,regular,full,random_frames_ui,1,workload_immediate_repeat_shared_process_cache,128,128,3072,7241.771044999997,7243.500625,53.797499,68.604834,103.356541,,384,256,60605555,0,384,0,05862f9493d6a8dbad4e24db20ad6263d3cf51fc266fc64ce3e3550f166ac06b
001,0,0.0,regular,full,random_ranges_contract,0,workload_first_pass_shared_process_cache,64,2048,139264,679.1628370000008,679.678125,5.427125,28.889042000000003,222.480791,,512,448,181037202,0,512,0,22eed604776c14ca9b08375c6d812b383c580f0bcc4fb64bc3f921d96c4d7120
001,0,0.0,regular,full,random_ranges_contract,1,workload_immediate_repeat_shared_process_cache,64,2048,139264,749.5598350000002,750.030542,5.382041,39.205416,169.206581,,512,448,181037202,0,512,0,22eed604776c14ca9b08375c6d812b383c580f0bcc4fb64bc3f921d96c4d7120
001,0,0.0,regular,full,sequential_contract_forward,0,workload_first_pass_shared_process_cache,1698,1187087,80721916,10354.144307999977,10522.328042,5.104792999999999,5.7091259999999995,230.609417,114736.66627208483,13659,11957,4857414205,0,13659,0,b021cb12a40e37e28466406b6aff96023c9bd85a524242b5d24d83f31719746e
001,0,0.0,regular,full,sequential_contract_forward,1,workload_immediate_repeat_shared_process_cache,1698,1187087,80721916,10261.03677300004,10427.519042,5.116663999999999,5.913707,142.662956,115777.77434011301,13659,11957,4857414205,0,13659,0,b021cb12a40e37e28466406b6aff96023c9bd85a524242b5d24d83f31719746e
001,0,0.0,regular,full,sequential_ui_forward,0,workload_first_pass_shared_process_cache,1698,1187087,28490088,3096.326367000007,3158.182917,1.718374,1.9329580000000002,27.934832999999998,383680.48428662214,5120,3418,784102020,0,5120,0,96d9ae52d98e3f544c9accc67b7f2acc8506daa6e5c3147b17d9a7c0c4735670
001,0,0.0,regular,full,sequential_ui_forward,1,workload_immediate_repeat_shared_process_cache,1698,1187087,28490088,3396.9847390000073,3458.932917,1.7325009999999998,1.9374580000000001,37.189041,349721.91260114976,5120,3418,784102020,0,5120,0,96d9ae52d98e3f544c9accc67b7f2acc8506daa6e5c3147b17d9a7c0c4735670
001,0,0.0,regular,full,sequential_ui_reverse,0,workload_first_pass_shared_process_cache,1698,1187087,28490088,3448.3215709999968,3509.89475,1.7841680000000002,2.07625,54.823459,344515.4332446686,5120,3418,784102020,0,5120,0,7a015f92bb3966c236ec8d43bb120b56847634356a809923c86a20f58f29ad5e
001,0,0.0,regular,full,sequential_ui_reverse,1,workload_immediate_repeat_shared_process_cache,1698,1187087,28490088,3357.15065200001,3418.689084,1.7407499999999998,1.95475,134.556541,353871.51878103934,5120,3418,784102020,0,5120,0,7a015f92bb3966c236ec8d43bb120b56847634356a809923c86a20f58f29ad5e
001,0,0.0,hybrid,full,random_frames_contract,0,workload_first_pass_shared_process_cache,128,128,8704,5892.178385000006,5894.349125,22.732041,100.55537500000001,786.0019169999998,,1920,1792,48070727,0,3072,0,2088661f75d94debeaef555365c9e793af09792fb6608d149414af8d76b42ecb
001,0,0.0,hybrid,full,random_frames_contract,1,workload_immediate_repeat_shared_process_cache,128,128,8704,171.94292300000006,172.196042,1.199249,2.225,3.306959,,1920,1792,48070727,0,3072,0,2088661f75d94debeaef555365c9e793af09792fb6608d149414af8d76b42ecb
001,0,0.0,hybrid,full,random_frames_ui,0,workload_first_pass_shared_process_cache,128,128,3072,2028.9008339999993,2030.773833,14.64571,30.652957,192.402875,,640,512,8105650,0,1152,0,05862f9493d6a8dbad4e24db20ad6263d3cf51fc266fc64ce3e3550f166ac06b
001,0,0.0,hybrid,full,random_frames_ui,1,workload_immediate_repeat_shared_process_cache,128,128,3072,88.17524700000003,88.44875,0.509209,1.8288749999999998,2.673042,,640,512,8105650,0,1152,0,05862f9493d6a8dbad4e24db20ad6263d3cf51fc266fc64ce3e3550f166ac06b
001,0,0.0,hybrid,full,random_ranges_contract,0,workload_first_pass_shared_process_cache,64,2048,139264,857.0610320000001,857.979583,3.042083,48.45845599999999,155.71016699999998,,960,896,23626630,0,1536,0,22eed604776c14ca9b08375c6d812b383c580f0bcc4fb64bc3f921d96c4d7120
001,0,0.0,hybrid,full,random_ranges_contract,1,workload_immediate_repeat_shared_process_cache,64,2048,139264,91.60119400000005,92.053292,1.2471679999999998,2.2986649999999997,2.565124,,960,896,23626630,0,1536,0,22eed604776c14ca9b08375c6d812b383c580f0bcc4fb64bc3f921d96c4d7120
001,0,0.0,hybrid,full,sequential_contract_forward,0,workload_first_pass_shared_process_cache,1698,1187087,80721916,2558.321602999983,2721.899667,1.136625,1.2249580000000002,50.665457,464366.95003744133,26053,23786,652860428,0,41378,0,b021cb12a40e37e28466406b6aff96023c9bd85a524242b5d24d83f31719746e
001,0,0.0,hybrid,full,sequential_contract_forward,1,workload_immediate_repeat_shared_process_cache,1698,1187087,80721916,2079.140783000001,2243.39275,1.146041,1.224917,53.857042,571389.87879687,26053,23786,652860428,0,41378,0,b021cb12a40e37e28466406b6aff96023c9bd85a524242b5d24d83f31719746e
001,0,0.0,hybrid,full,sequential_ui_forward,0,workload_first_pass_shared_process_cache,1698,1187087,28490088,877.0497790000023,937.537208,0.373,0.400875,15.296251000000002,1354541.1314675182,8672,6796,109306347,0,15502,0,96d9ae52d98e3f544c9accc67b7f2acc8506daa6e5c3147b17d9a7c0c4735670
001,0,0.0,hybrid,full,sequential_ui_forward,1,workload_immediate_repeat_shared_process_cache,1698,1187087,28490088,643.8798940000011,703.836125,0.379708,0.40766600000000003,0.439375,1845064.601442576,8672,6796,109306347,0,15502,0,96d9ae52d98e3f544c9accc67b7f2acc8506daa6e5c3147b17d9a7c0c4735670
001,0,0.0,hybrid,full,sequential_ui_reverse,0,workload_first_pass_shared_process_cache,1698,1187087,28490088,659.7256449999986,719.338125,0.382666,0.407708,13.132541999999999,1800748.5520742529,8672,6796,109306347,0,15502,0,7a015f92bb3966c236ec8d43bb120b56847634356a809923c86a20f58f29ad5e
001,0,0.0,hybrid,full,sequential_ui_reverse,1,workload_immediate_repeat_shared_process_cache,1698,1187087,28490088,647.587447999997,707.374375,0.38262399999999996,0.406499,0.433415,1834501.2764978814,8672,6796,109306347,0,15502,0,7a015f92bb3966c236ec8d43bb120b56847634356a809923c86a20f58f29ad5e
002,0,0.0,regular,full,random_frames_contract,0,workload_first_pass_shared_process_cache,128,128,8704,22628.111376000023,22631.5605,165.656624,296.274167,491.28341600000005,,1024,896,371709109,0,1024,0,2088661f75d94debeaef555365c9e793af09792fb6608d149414af8d76b42ecb
002,0,0.0,regular,full,random_frames_contract,1,workload_immediate_repeat_shared_process_cache,128,128,8704,8483.727786000009,8485.260166,15.774498999999999,176.559333,228.49295799999996,,1024,896,371709109,0,1024,0,2088661f75d94debeaef555365c9e793af09792fb6608d149414af8d76b42ecb
002,0,0.0,regular,full,random_frames_ui,0,workload_first_pass_shared_process_cache,128,128,3072,2468.340944999999,2470.292917,2.977667,100.86141699999999,198.76554199999998,,384,256,60605555,0,384,0,05862f9493d6a8dbad4e24db20ad6263d3cf51fc266fc64ce3e3550f166ac06b
002,0,0.0,regular,full,random_frames_ui,1,workload_immediate_repeat_shared_process_cache,128,128,3072,353.7822209999998,353.920667,1.833792,2.224417,30.201375,,384,256,60605555,0,384,0,05862f9493d6a8dbad4e24db20ad6263d3cf51fc266fc64ce3e3550f166ac06b
002,0,0.0,regular,full,random_ranges_contract,0,workload_first_pass_shared_process_cache,64,2048,139264,1090.1503680000003,1090.654042,5.598041,50.295667,312.119542,,512,448,181037202,0,512,0,22eed604776c14ca9b08375c6d812b383c580f0bcc4fb64bc3f921d96c4d7120
002,0,0.0,regular,full,random_ranges_contract,1,workload_immediate_repeat_shared_process_cache,64,2048,139264,734.7240100000007,735.147958,5.476709,47.075458000000005,62.966709,,512,448,181037202,0,512,0,22eed604776c14ca9b08375c6d812b383c580f0bcc4fb64bc3f921d96c4d7120
002,0,0.0,regular,full,sequential_contract_forward,0,workload_first_pass_shared_process_cache,1698,1187087,80721916,10294.135746999933,10461.571042,5.051500000000001,5.71779,217.06800099999998,115405.51137051251,13659,11957,4857414205,0,13659,0,b021cb12a40e37e28466406b6aff96023c9bd85a524242b5d24d83f31719746e
002,0,0.0,regular,full,sequential_contract_forward,1,workload_immediate_repeat_shared_process_cache,1698,1187087,80721916,9587.807037999984,9752.493375,5.070794,5.633834,94.66875,123907.37478252553,13659,11957,4857414205,0,13659,0,b021cb12a40e37e28466406b6aff96023c9bd85a524242b5d24d83f31719746e
002,0,0.0,regular,full,sequential_ui_forward,0,workload_first_pass_shared_process_cache,1698,1187087,28490088,2998.666129999996,3061.119916,1.6935419999999999,1.886957,25.056208,396176.1491600272,5120,3418,784102020,0,5120,0,96d9ae52d98e3f544c9accc67b7f2acc8506daa6e5c3147b17d9a7c0c4735670
002,0,0.0,regular,full,sequential_ui_forward,1,workload_immediate_repeat_shared_process_cache,1698,1187087,28490088,3166.9749590000106,3227.814875,1.717751,1.917542,16.536957,375121.37461772584,5120,3418,784102020,0,5120,0,96d9ae52d98e3f544c9accc67b7f2acc8506daa6e5c3147b17d9a7c0c4735670
002,0,0.0,regular,full,sequential_ui_reverse,0,workload_first_pass_shared_process_cache,1698,1187087,28490088,3480.504699999998,3541.2745,1.7481250000000002,1.950583,136.06341700000002,341329.8077143814,5120,3418,784102020,0,5120,0,7a015f92bb3966c236ec8d43bb120b56847634356a809923c86a20f58f29ad5e
002,0,0.0,regular,full,sequential_ui_reverse,1,workload_immediate_repeat_shared_process_cache,1698,1187087,28490088,3378.157475000001,3438.529959,1.741251,1.9448740000000002,33.915,351670.9948520087,5120,3418,784102020,0,5120,0,7a015f92bb3966c236ec8d43bb120b56847634356a809923c86a20f58f29ad5e
002,0,0.0,hybrid,full,random_frames_contract,0,workload_first_pass_shared_process_cache,128,128,8704,5389.877670000001,5392.864208,21.900748,89.37,490.57333199999994,,1920,1792,48070727,0,3072,0,2088661f75d94debeaef555365c9e793af09792fb6608d149414af8d76b42ecb
002,0,0.0,hybrid,full,random_frames_contract,1,workload_immediate_repeat_shared_process_cache,128,128,8704,183.3587810000003,183.695584,1.182166,3.1674580000000003,4.433418,,1920,1792,48070727,0,3072,0,2088661f75d94debeaef555365c9e793af09792fb6608d149414af8d76b42ecb
002,0,0.0,hybrid,full,random_frames_ui,0,workload_first_pass_shared_process_cache,128,128,3072,1984.948709000001,1986.477625,13.515832999999999,30.986042,199.430667,,640,512,8105650,0,1152,0,05862f9493d6a8dbad4e24db20ad6263d3cf51fc266fc64ce3e3550f166ac06b
002,0,0.0,hybrid,full,random_frames_ui,1,workload_immediate_repeat_shared_process_cache,128,128,3072,84.37062099999996,84.53425,0.5071249999999999,1.717375,2.424833,,640,512,8105650,0,1152,0,05862f9493d6a8dbad4e24db20ad6263d3cf51fc266fc64ce3e3550f166ac06b
002,0,0.0,hybrid,full,random_ranges_contract,0,workload_first_pass_shared_process_cache,64,2048,139264,1008.1856279999998,1009.527583,5.431666999999999,61.382584,102.153876,,960,896,23626630,0,1536,0,22eed604776c14ca9b08375c6d812b383c580f0bcc4fb64bc3f921d96c4d7120
002,0,0.0,hybrid,full,random_ranges_contract,1,workload_immediate_repeat_shared_process_cache,64,2048,139264,98.105434,98.583292,1.2308340000000002,2.9224170000000003,3.452708,,960,896,23626630,0,1536,0,22eed604776c14ca9b08375c6d812b383c580f0bcc4fb64bc3f921d96c4d7120
002,0,0.0,hybrid,full,sequential_contract_forward,0,workload_first_pass_shared_process_cache,1698,1187087,80721916,2513.758984999998,2680.816667,1.132501,1.2260000000000002,55.02779200000001,472599.00694099395,26053,23786,652860428,0,41378,0,b021cb12a40e37e28466406b6aff96023c9bd85a524242b5d24d83f31719746e
002,0,0.0,hybrid,full,sequential_contract_forward,1,workload_immediate_repeat_shared_process_cache,1698,1187087,80721916,2084.172178000005,2252.369041,1.142542,1.230084,47.547124000000004,570010.4878763031,26053,23786,652860428,0,41378,0,b021cb12a40e37e28466406b6aff96023c9bd85a524242b5d24d83f31719746e
002,0,0.0,hybrid,full,sequential_ui_forward,0,workload_first_pass_shared_process_cache,1698,1187087,28490088,1017.6685100000027,1080.05625,0.37316699999999997,0.43674999999999997,129.739335,1167374.2366264206,8672,6796,109306347,0,15502,0,96d9ae52d98e3f544c9accc67b7f2acc8506daa6e5c3147b17d9a7c0c4735670
002,0,0.0,hybrid,full,sequential_ui_forward,1,workload_immediate_repeat_shared_process_cache,1698,1187087,28490088,640.4745149999993,701.820125,0.376707,0.40745800000000004,0.45179199999999997,1854874.7408005786,8672,6796,109306347,0,15502,0,96d9ae52d98e3f544c9accc67b7f2acc8506daa6e5c3147b17d9a7c0c4735670
002,0,0.0,hybrid,full,sequential_ui_reverse,0,workload_first_pass_shared_process_cache,1698,1187087,28490088,659.0670349999983,721.013125,0.38320799999999994,0.407292,11.513792,1802548.0518836798,8672,6796,109306347,0,15502,0,7a015f92bb3966c236ec8d43bb120b56847634356a809923c86a20f58f29ad5e
002,0,0.0,hybrid,full,sequential_ui_reverse,1,workload_immediate_repeat_shared_process_cache,1698,1187087,28490088,651.1176339999989,712.883375,0.384416,0.409375,0.452041,1824555.1002846928,8672,6796,109306347,0,15502,0,7a015f92bb3966c236ec8d43bb120b56847634356a809923c86a20f58f29ad5e
002,134217728,128.0,hybrid,full,random_frames_contract,0,workload_first_pass_shared_process_cache,128,128,8704,110.3101590000001,110.545125,0.26745900000000006,1.0613330000000003,53.104042,,311,311,17239676,2028,321,0,2088661f75d94debeaef555365c9e793af09792fb6608d149414af8d76b42ecb
002,134217728,128.0,hybrid,full,random_frames_contract,1,workload_immediate_repeat_shared_process_cache,128,128,8704,10.84280099999995,11.038625,0.08404199999999999,0.09312499999999999,0.10270699999999998,,0,0,0,2048,0,0,2088661f75d94debeaef555365c9e793af09792fb6608d149414af8d76b42ecb
002,134217728,128.0,hybrid,full,random_frames_ui,0,workload_first_pass_shared_process_cache,128,128,3072,26.99125100000003,27.1925,0.20241599999999998,0.468291,0.729458,,126,125,3495942,758,166,0,05862f9493d6a8dbad4e24db20ad6263d3cf51fc266fc64ce3e3550f166ac06b
002,134217728,128.0,hybrid,full,random_frames_ui,1,workload_immediate_repeat_shared_process_cache,128,128,3072,3.6156229999999994,3.75575,0.028041000000000003,0.031874,0.036167000000000005,,0,0,0,768,0,0,05862f9493d6a8dbad4e24db20ad6263d3cf51fc266fc64ce3e3550f166ac06b
002,134217728,128.0,hybrid,full,random_ranges_contract,0,workload_first_pass_shared_process_cache,64,2048,139264,14.45796599999997,14.849125,0.08687499999999998,0.7629999999999999,1.069541,,64,64,2248061,1024,66,0,22eed604776c14ca9b08375c6d812b383c580f0bcc4fb64bc3f921d96c4d7120
002,134217728,128.0,hybrid,full,random_ranges_contract,1,workload_immediate_repeat_shared_process_cache,64,2048,139264,5.174080999999997,5.560167,0.08058299999999999,0.08520900000000001,0.086833,,0,0,0,1024,0,0,22eed604776c14ca9b08375c6d812b383c580f0bcc4fb64bc3f921d96c4d7120
002,134217728,128.0,hybrid,full,sequential_contract_forward,0,workload_first_pass_shared_process_cache,1698,1187087,80721916,160.665913,325.862083,0.07195900000000001,0.08224999999999999,16.537167000000004,7394225.556730257,59,59,2376035,27787,59,0,b021cb12a40e37e28466406b6aff96023c9bd85a524242b5d24d83f31719746e
002,134217728,128.0,hybrid,full,sequential_contract_forward,1,workload_immediate_repeat_shared_process_cache,1698,1187087,80721916,121.08344900000036,286.592583,0.07045900000000001,0.077458,0.10166700000000001,9811415.266177267,0,0,0,27787,0,0,b021cb12a40e37e28466406b6aff96023c9bd85a524242b5d24d83f31719746e
002,134217728,128.0,hybrid,full,sequential_ui_forward,0,workload_first_pass_shared_process_cache,1698,1187087,28490088,64.58442100000019,125.092917,0.027541999999999997,0.032459,11.225834,18394528.922075443,38,38,831371,10406,38,0,96d9ae52d98e3f544c9accc67b7f2acc8506daa6e5c3147b17d9a7c0c4735670
002,134217728,128.0,hybrid,full,sequential_ui_forward,1,workload_immediate_repeat_shared_process_cache,1698,1187087,28490088,46.33735900000012,106.19925,0.026875000000000003,0.030375,0.050542,25638060.209689483,0,0,0,10406,0,0,96d9ae52d98e3f544c9accc67b7f2acc8506daa6e5c3147b17d9a7c0c4735670
002,134217728,128.0,hybrid,full,sequential_ui_reverse,0,workload_first_pass_shared_process_cache,1698,1187087,28490088,45.86239000000021,106.576666,0.026626,0.029958,0.039917,25903578.073449608,0,0,0,10406,0,0,7a015f92bb3966c236ec8d43bb120b56847634356a809923c86a20f58f29ad5e
002,134217728,128.0,hybrid,full,sequential_ui_reverse,1,workload_immediate_repeat_shared_process_cache,1698,1187087,28490088,46.26487600000015,107.601792,0.026791000000000002,0.0305,0.040417,25678227.25819034,0,0,0,10406,0,0,7a015f92bb3966c236ec8d43bb120b56847634356a809923c86a20f58f29ad5e
002,134217728,128.0,regular,full,random_frames_contract,0,workload_first_pass_shared_process_cache,128,128,8704,2289.977070999998,2291.3205,0.266416,156.44470900000002,342.620625,,50,50,21265717,974,50,0,2088661f75d94debeaef555365c9e793af09792fb6608d149414af8d76b42ecb
002,134217728,128.0,regular,full,random_frames_contract,1,workload_immediate_repeat_shared_process_cache,128,128,8704,21.89937900000005,22.414542,0.15629,0.24220800000000003,0.401209,,0,0,0,1024,0,0,2088661f75d94debeaef555365c9e793af09792fb6608d149414af8d76b42ecb
002,134217728,128.0,regular,full,random_frames_ui,0,workload_first_pass_shared_process_cache,128,128,3072,697.6618359999997,698.500458,0.11666699999999999,34.283376000000004,77.528584,,28,23,4823302,356,28,0,05862f9493d6a8dbad4e24db20ad6263d3cf51fc266fc64ce3e3550f166ac06b
002,134217728,128.0,regular,full,random_frames_ui,1,workload_immediate_repeat_shared_process_cache,128,128,3072,12.221589999999999,12.504583,0.094709,0.125667,0.204167,,0,0,0,384,0,0,05862f9493d6a8dbad4e24db20ad6263d3cf51fc266fc64ce3e3550f166ac06b
002,134217728,128.0,regular,full,random_ranges_contract,0,workload_first_pass_shared_process_cache,64,2048,139264,172.286954,173.083375,0.120834,0.6183740000000001,161.60387599999999,,5,5,116100,507,5,0,22eed604776c14ca9b08375c6d812b383c580f0bcc4fb64bc3f921d96c4d7120
002,134217728,128.0,regular,full,random_ranges_contract,1,workload_immediate_repeat_shared_process_cache,64,2048,139264,15.327620999999999,16.562,0.22941699999999998,0.30345799999999995,0.43708400000000003,,0,0,0,512,0,0,22eed604776c14ca9b08375c6d812b383c580f0bcc4fb64bc3f921d96c4d7120
002,134217728,128.0,regular,full,sequential_contract_forward,0,workload_first_pass_shared_process_cache,1698,1187087,80721916,121.24003500000062,286.577292,0.071082,0.077625,0.10341499999999998,9798743.459617063,0,0,0,13659,0,0,b021cb12a40e37e28466406b6aff96023c9bd85a524242b5d24d83f31719746e
002,134217728,128.0,regular,full,sequential_contract_forward,1,workload_immediate_repeat_shared_process_cache,1698,1187087,80721916,119.54798900000003,284.005375,0.069875,0.076249,0.09450000000000001,9937431.904437972,0,0,0,13659,0,0,b021cb12a40e37e28466406b6aff96023c9bd85a524242b5d24d83f31719746e
002,134217728,128.0,regular,full,sequential_ui_forward,0,workload_first_pass_shared_process_cache,1698,1187087,28490088,53.02980299999998,125.638042,0.027583999999999997,0.051875000000000004,0.159958,22402496.950629827,0,0,0,5120,0,0,96d9ae52d98e3f544c9accc67b7f2acc8506daa6e5c3147b17d9a7c0c4735670
002,134217728,128.0,regular,full,sequential_ui_forward,1,workload_immediate_repeat_shared_process_cache,1698,1187087,28490088,45.61808700000019,105.667167,0.026791000000000002,0.029625,0.044083000000000004,26042302.03690907,0,0,0,5120,0,0,96d9ae52d98e3f544c9accc67b7f2acc8506daa6e5c3147b17d9a7c0c4735670
002,134217728,128.0,regular,full,sequential_ui_reverse,0,workload_first_pass_shared_process_cache,1698,1187087,28490088,44.77272599999992,104.724833,0.026125,0.029084,0.035209000000000004,26534010.906550612,0,0,0,5120,0,0,7a015f92bb3966c236ec8d43bb120b56847634356a809923c86a20f58f29ad5e
002,134217728,128.0,regular,full,sequential_ui_reverse,1,workload_immediate_repeat_shared_process_cache,1698,1187087,28490088,44.91654400000005,104.864875,0.026125000000000002,0.029251,0.047417,26449051.8237556,0,0,0,5120,0,0,7a015f92bb3966c236ec8d43bb120b56847634356a809923c86a20f58f29ad5e
003,134217728,128.0,hybrid,full,random_frames_contract,0,workload_first_pass_shared_process_cache,128,128,8704,12800.978413999997,12805.185333,48.738417,222.660999,645.994375,,311,311,17239676,2028,321,0,2088661f75d94debeaef555365c9e793af09792fb6608d149414af8d76b42ecb
003,134217728,128.0,hybrid,full,random_frames_contract,1,workload_immediate_repeat_shared_process_cache,128,128,8704,31.892192999999992,32.644291,0.223834,0.466915,0.644374,,0,0,0,2048,0,0,2088661f75d94debeaef555365c9e793af09792fb6608d149414af8d76b42ecb
003,134217728,128.0,hybrid,full,random_frames_ui,0,workload_first_pass_shared_process_cache,128,128,3072,5131.064624,5133.032458,38.762166,85.96791599999999,281.58637600000003,,126,125,3495942,758,166,0,05862f9493d6a8dbad4e24db20ad6263d3cf51fc266fc64ce3e3550f166ac06b
003,134217728,128.0,hybrid,full,random_frames_ui,1,workload_immediate_repeat_shared_process_cache,128,128,3072,14.506881999999974,14.862792,0.103293,0.183375,0.22070800000000002,,0,0,0,768,0,0,05862f9493d6a8dbad4e24db20ad6263d3cf51fc266fc64ce3e3550f166ac06b
003,134217728,128.0,hybrid,full,random_ranges_contract,0,workload_first_pass_shared_process_cache,64,2048,139264,2677.2293279999994,2679.521292,0.502458,199.08395699999997,409.4455,,64,64,2248061,1024,66,0,22eed604776c14ca9b08375c6d812b383c580f0bcc4fb64bc3f921d96c4d7120
003,134217728,128.0,hybrid,full,random_ranges_contract,1,workload_immediate_repeat_shared_process_cache,64,2048,139264,21.698785000000015,23.072333,0.282125,0.662874,0.9865,,0,0,0,1024,0,0,22eed604776c14ca9b08375c6d812b383c580f0bcc4fb64bc3f921d96c4d7120
003,134217728,128.0,hybrid,full,sequential_contract_forward,0,workload_first_pass_shared_process_cache,1698,1187087,80721916,2623.0963199999846,2959.326209,0.148875,0.497875,166.89162500000003,452899.87673804024,59,59,2376035,27787,59,0,b021cb12a40e37e28466406b6aff96023c9bd85a524242b5d24d83f31719746e
003,134217728,128.0,hybrid,full,sequential_contract_forward,1,workload_immediate_repeat_shared_process_cache,1698,1187087,80721916,129.15052800000058,302.422917,0.072542,0.10004099999999999,0.19974999999999998,9198568.665549666,0,0,0,27787,0,0,b021cb12a40e37e28466406b6aff96023c9bd85a524242b5d24d83f31719746e
003,134217728,128.0,hybrid,full,sequential_ui_forward,0,workload_first_pass_shared_process_cache,1698,1187087,28490088,1845.1619400000009,2048.5555,0.109292,0.25875,90.177584,643845.9271493533,38,38,831371,10406,38,0,96d9ae52d98e3f544c9accc67b7f2acc8506daa6e5c3147b17d9a7c0c4735670
003,134217728,128.0,hybrid,full,sequential_ui_forward,1,workload_immediate_repeat_shared_process_cache,1698,1187087,28490088,58.72864300000043,132.205833,0.027957000000000003,0.06829199999999999,0.789041,20228630.176249623,0,0,0,10406,0,0,96d9ae52d98e3f544c9accc67b7f2acc8506daa6e5c3147b17d9a7c0c4735670
003,134217728,128.0,hybrid,full,sequential_ui_reverse,0,workload_first_pass_shared_process_cache,1698,1187087,28490088,46.50086099999992,107.234042,0.026958000000000003,0.030875,0.050666,25547914.048301212,0,0,0,10406,0,0,7a015f92bb3966c236ec8d43bb120b56847634356a809923c86a20f58f29ad5e
003,134217728,128.0,hybrid,full,sequential_ui_reverse,1,workload_immediate_repeat_shared_process_cache,1698,1187087,28490088,46.443577000000204,107.492166,0.026958999999999997,0.0305,0.07375,25579425.116200563,0,0,0,10406,0,0,7a015f92bb3966c236ec8d43bb120b56847634356a809923c86a20f58f29ad5e
003,134217728,128.0,regular,full,random_frames_contract,0,workload_first_pass_shared_process_cache,128,128,8704,3621.4377380000033,3622.606541,0.29249800000000004,251.290335,648.125,,50,50,21265717,974,50,0,2088661f75d94debeaef555365c9e793af09792fb6608d149414af8d76b42ecb
003,134217728,128.0,regular,full,random_frames_contract,1,workload_immediate_repeat_shared_process_cache,128,128,8704,20.79919,21.297417,0.15650000000000003,0.21087499999999998,0.3553319999999999,,0,0,0,1024,0,0,2088661f75d94debeaef555365c9e793af09792fb6608d149414af8d76b42ecb
003,134217728,128.0,regular,full,random_frames_ui,0,workload_first_pass_shared_process_cache,128,128,3072,1551.1755859999996,1552.441916,0.144082,70.77133200000002,186.62025,,28,23,4823302,356,28,0,05862f9493d6a8dbad4e24db20ad6263d3cf51fc266fc64ce3e3550f166ac06b
003,134217728,128.0,regular,full,random_frames_ui,1,workload_immediate_repeat_shared_process_cache,128,128,3072,10.346617000000006,10.579708,0.064209,0.140959,0.328957,,0,0,0,384,0,0,05862f9493d6a8dbad4e24db20ad6263d3cf51fc266fc64ce3e3550f166ac06b
003,134217728,128.0,regular,full,random_ranges_contract,0,workload_first_pass_shared_process_cache,64,2048,139264,328.9249900000001,329.808,0.121582,0.55779,317.650085,,5,5,116100,507,5,0,22eed604776c14ca9b08375c6d812b383c580f0bcc4fb64bc3f921d96c4d7120
003,134217728,128.0,regular,full,random_ranges_contract,1,workload_immediate_repeat_shared_process_cache,64,2048,139264,15.08691,16.399166,0.22083400000000003,0.290708,0.32729,,0,0,0,512,0,0,22eed604776c14ca9b08375c6d812b383c580f0bcc4fb64bc3f921d96c4d7120
003,134217728,128.0,regular,full,sequential_contract_forward,0,workload_first_pass_shared_process_cache,1698,1187087,80721916,120.48000500000057,284.273334,0.070624,0.076875,0.10766599999999998,9860557.359704578,0,0,0,13659,0,0,b021cb12a40e37e28466406b6aff96023c9bd85a524242b5d24d83f31719746e
003,134217728,128.0,regular,full,sequential_contract_forward,1,workload_immediate_repeat_shared_process_cache,1698,1187087,80721916,137.62560299999998,308.253625,0.070374,0.119042,1.536166,8632114.767191974,0,0,0,13659,0,0,b021cb12a40e37e28466406b6aff96023c9bd85a524242b5d24d83f31719746e
003,134217728,128.0,regular,full,sequential_ui_forward,0,workload_first_pass_shared_process_cache,1698,1187087,28490088,52.75908299999991,121.948666,0.027583,0.050667000000000004,0.393,22517449.7441512,0,0,0,5120,0,0,96d9ae52d98e3f544c9accc67b7f2acc8506daa6e5c3147b17d9a7c0c4735670
003,134217728,128.0,regular,full,sequential_ui_forward,1,workload_immediate_repeat_shared_process_cache,1698,1187087,28490088,45.649648000000155,102.915875,0.026958000000000003,0.029376,0.046874,26024297.054820575,0,0,0,5120,0,0,96d9ae52d98e3f544c9accc67b7f2acc8506daa6e5c3147b17d9a7c0c4735670
003,134217728,128.0,regular,full,sequential_ui_reverse,0,workload_first_pass_shared_process_cache,1698,1187087,28490088,48.40218200000001,106.374583,0.026833,0.041124,0.07499900000000001,24544348.021335065,0,0,0,5120,0,0,7a015f92bb3966c236ec8d43bb120b56847634356a809923c86a20f58f29ad5e
003,134217728,128.0,regular,full,sequential_ui_reverse,1,workload_immediate_repeat_shared_process_cache,1698,1187087,28490088,54.61246299999992,117.511583,0.026749000000000002,0.059040999999999996,0.656877,21753276.353787627,0,0,0,5120,0,0,7a015f92bb3966c236ec8d43bb120b56847634356a809923c86a20f58f29ad5e
003,0,0.0,regular,full,random_frames_contract,0,workload_first_pass_shared_process_cache,128,128,8704,1203.935243,1204.22475,5.2648340000000005,32.083417,68.354126,,1024,896,371709109,0,1024,0,2088661f75d94debeaef555365c9e793af09792fb6608d149414af8d76b42ecb
003,0,0.0,regular,full,random_frames_contract,1,workload_immediate_repeat_shared_process_cache,128,128,8704,671.7353619999999,671.981334,5.153292,5.760459,16.734042,,1024,896,371709109,0,1024,0,2088661f75d94debeaef555365c9e793af09792fb6608d149414af8d76b42ecb
003,0,0.0,regular,full,random_frames_ui,0,workload_first_pass_shared_process_cache,128,128,3072,1304.6491779999988,1305.245084,1.9516250000000002,64.123167,109.125417,,384,256,60605555,0,384,0,05862f9493d6a8dbad4e24db20ad6263d3cf51fc266fc64ce3e3550f166ac06b
003,0,0.0,regular,full,random_frames_ui,1,workload_immediate_repeat_shared_process_cache,128,128,3072,251.5119679999999,251.605167,1.7946250000000001,2.163834,13.522582000000002,,384,256,60605555,0,384,0,05862f9493d6a8dbad4e24db20ad6263d3cf51fc266fc64ce3e3550f166ac06b
003,0,0.0,regular,full,random_ranges_contract,0,workload_first_pass_shared_process_cache,64,2048,139264,521.3058790000002,521.704167,5.312747999999999,19.968249999999998,39.122375,,512,448,181037202,0,512,0,22eed604776c14ca9b08375c6d812b383c580f0bcc4fb64bc3f921d96c4d7120
003,0,0.0,regular,full,random_ranges_contract,1,workload_immediate_repeat_shared_process_cache,64,2048,139264,320.99179300000026,321.375042,5.063874999999999,5.705915,5.802749,,512,448,181037202,0,512,0,22eed604776c14ca9b08375c6d812b383c580f0bcc4fb64bc3f921d96c4d7120
003,0,0.0,regular,full,sequential_contract_forward,0,workload_first_pass_shared_process_cache,1698,1187087,80721916,9679.550440000054,9845.450084,5.055543,5.709458,129.20308400000002,122732.97271024846,13659,11957,4857414205,0,13659,0,b021cb12a40e37e28466406b6aff96023c9bd85a524242b5d24d83f31719746e
003,0,0.0,regular,full,sequential_contract_forward,1,workload_immediate_repeat_shared_process_cache,1698,1187087,80721916,10215.395423000005,10382.80425,5.06204,5.7927100000000005,162.783709,116295.0576856979,13659,11957,4857414205,0,13659,0,b021cb12a40e37e28466406b6aff96023c9bd85a524242b5d24d83f31719746e
003,0,0.0,regular,full,sequential_ui_forward,0,workload_first_pass_shared_process_cache,1698,1187087,28490088,3162.6481479999984,3223.566916,1.782833,1.95575,45.237584000000005,375634.5772296137,5120,3418,784102020,0,5120,0,96d9ae52d98e3f544c9accc67b7f2acc8506daa6e5c3147b17d9a7c0c4735670
003,0,0.0,regular,full,sequential_ui_forward,1,workload_immediate_repeat_shared_process_cache,1698,1187087,28490088,3274.02183900001,3334.416292,1.794291,1.958501,21.535749,362856.467800121,5120,3418,784102020,0,5120,0,96d9ae52d98e3f544c9accc67b7f2acc8506daa6e5c3147b17d9a7c0c4735670
003,0,0.0,regular,full,sequential_ui_reverse,0,workload_first_pass_shared_process_cache,1698,1187087,28490088,3288.845338999995,3349.0645,1.796042,1.958834,34.19575,361220.9993314015,5120,3418,784102020,0,5120,0,7a015f92bb3966c236ec8d43bb120b56847634356a809923c86a20f58f29ad5e
003,0,0.0,regular,full,sequential_ui_reverse,1,workload_immediate_repeat_shared_process_cache,1698,1187087,28490088,3290.237669000009,3350.755375,1.805166,1.957959,17.472417,361068.14142732276,5120,3418,784102020,0,5120,0,7a015f92bb3966c236ec8d43bb120b56847634356a809923c86a20f58f29ad5e
003,0,0.0,hybrid,full,random_frames_contract,0,workload_first_pass_shared_process_cache,128,128,8704,16149.47013200001,16153.601916,67.740667,308.63241700000003,621.429333,,1920,1792,48070727,0,3072,0,2088661f75d94debeaef555365c9e793af09792fb6608d149414af8d76b42ecb
003,0,0.0,hybrid,full,random_frames_contract,1,workload_immediate_repeat_shared_process_cache,128,128,8704,273.1073720000005,273.506708,1.194832,4.534001000000001,37.879751,,1920,1792,48070727,0,3072,0,2088661f75d94debeaef555365c9e793af09792fb6608d149414af8d76b42ecb
003,0,0.0,hybrid,full,random_frames_ui,0,workload_first_pass_shared_process_cache,128,128,3072,2174.1145139999985,2175.115458,14.568459,32.590959000000005,198.845126,,640,512,8105650,0,1152,0,05862f9493d6a8dbad4e24db20ad6263d3cf51fc266fc64ce3e3550f166ac06b
003,0,0.0,hybrid,full,random_frames_ui,1,workload_immediate_repeat_shared_process_cache,128,128,3072,84.60787400000007,84.823375,0.509374,1.4780010000000001,1.9697500000000001,,640,512,8105650,0,1152,0,05862f9493d6a8dbad4e24db20ad6263d3cf51fc266fc64ce3e3550f166ac06b
003,0,0.0,hybrid,full,random_ranges_contract,0,workload_first_pass_shared_process_cache,64,2048,139264,746.9706610000006,748.013584,3.1923330000000005,52.87079000000001,73.330917,,960,896,23626630,0,1536,0,22eed604776c14ca9b08375c6d812b383c580f0bcc4fb64bc3f921d96c4d7120
003,0,0.0,hybrid,full,random_ranges_contract,1,workload_immediate_repeat_shared_process_cache,64,2048,139264,84.5636270000001,84.932541,1.1748740000000002,1.557794,7.184207,,960,896,23626630,0,1536,0,22eed604776c14ca9b08375c6d812b383c580f0bcc4fb64bc3f921d96c4d7120
003,0,0.0,hybrid,full,sequential_contract_forward,0,workload_first_pass_shared_process_cache,1698,1187087,80721916,2515.417008000009,2683.128667,1.138291,1.293125,60.136458,472287.49595860083,26053,23786,652860428,0,41378,0,b021cb12a40e37e28466406b6aff96023c9bd85a524242b5d24d83f31719746e
003,0,0.0,hybrid,full,sequential_contract_forward,1,workload_immediate_repeat_shared_process_cache,1698,1187087,80721916,2097.758755999989,2263.969875,1.139875,1.2288329999999998,54.717625000000005,566318.694464792,26053,23786,652860428,0,41378,0,b021cb12a40e37e28466406b6aff96023c9bd85a524242b5d24d83f31719746e
003,0,0.0,hybrid,full,sequential_ui_forward,0,workload_first_pass_shared_process_cache,1698,1187087,28490088,952.9120600000022,1017.226625,0.38883300000000004,0.4740829999999999,15.090584,1246704.7588840437,8672,6796,109306347,0,15502,0,96d9ae52d98e3f544c9accc67b7f2acc8506daa6e5c3147b17d9a7c0c4735670
003,0,0.0,hybrid,full,sequential_ui_forward,1,workload_immediate_repeat_shared_process_cache,1698,1187087,28490088,847.4846689999985,909.977667,0.37991600000000003,0.597751,47.306751,1401795.2695259931,8672,6796,109306347,0,15502,0,96d9ae52d98e3f544c9accc67b7f2acc8506daa6e5c3147b17d9a7c0c4735670
003,0,0.0,hybrid,full,sequential_ui_reverse,0,workload_first_pass_shared_process_cache,1698,1187087,28490088,659.536236,720.46075,0.382166,0.406833,12.946333,1801265.70028216,8672,6796,109306347,0,15502,0,7a015f92bb3966c236ec8d43bb120b56847634356a809923c86a20f58f29ad5e
003,0,0.0,hybrid,full,sequential_ui_reverse,1,workload_immediate_repeat_shared_process_cache,1698,1187087,28490088,648.3931920000014,709.266042,0.383375,0.407959,0.45175,1832221.581993411,8672,6796,109306347,0,15502,0,7a015f92bb3966c236ec8d43bb120b56847634356a809923c86a20f58f29ad5e
004,0,0.0,regular,full,random_frames_contract,0,workload_first_pass_shared_process_cache,128,128,8704,12505.584929,12507.733875,17.195500000000003,311.28891699999997,490.878293,,1024,896,371709109,0,1024,0,2088661f75d94debeaef555365c9e793af09792fb6608d149414af8d76b42ecb
004,0,0.0,regular,full,random_frames_contract,1,workload_immediate_repeat_shared_process_cache,128,128,8704,777.791205000001,778.046541,5.067792,6.257457,49.231293,,1024,896,371709109,0,1024,0,2088661f75d94debeaef555365c9e793af09792fb6608d149414af8d76b42ecb
004,0,0.0,regular,full,random_frames_ui,0,workload_first_pass_shared_process_cache,128,128,3072,4859.292790000004,4860.560625,31.145292,88.526458,193.460042,,384,256,60605555,0,384,0,05862f9493d6a8dbad4e24db20ad6263d3cf51fc266fc64ce3e3550f166ac06b
004,0,0.0,regular,full,random_frames_ui,1,workload_immediate_repeat_shared_process_cache,128,128,3072,3816.195834,3818.288834,29.659832,62.075167,68.778376,,384,256,60605555,0,384,0,05862f9493d6a8dbad4e24db20ad6263d3cf51fc266fc64ce3e3550f166ac06b
004,0,0.0,regular,full,random_ranges_contract,0,workload_first_pass_shared_process_cache,64,2048,139264,845.383789,845.858083,5.202707,29.679625000000005,296.993041,,512,448,181037202,0,512,0,22eed604776c14ca9b08375c6d812b383c580f0bcc4fb64bc3f921d96c4d7120
004,0,0.0,regular,full,random_ranges_contract,1,workload_immediate_repeat_shared_process_cache,64,2048,139264,723.4356660000003,723.947458,5.149416,41.274125,104.876043,,512,448,181037202,0,512,0,22eed604776c14ca9b08375c6d812b383c580f0bcc4fb64bc3f921d96c4d7120
004,0,0.0,regular,full,sequential_contract_forward,0,workload_first_pass_shared_process_cache,1698,1187087,80721916,11254.652569999993,11425.217083,5.063167,5.659,210.88624800000002,105556.34592992156,13659,11957,4857414205,0,13659,0,b021cb12a40e37e28466406b6aff96023c9bd85a524242b5d24d83f31719746e
004,0,0.0,regular,full,sequential_contract_forward,1,workload_immediate_repeat_shared_process_cache,1698,1187087,80721916,10318.823023999923,10486.21125,5.068791,5.735831999999999,140.633874,115129.40935578632,13659,11957,4857414205,0,13659,0,b021cb12a40e37e28466406b6aff96023c9bd85a524242b5d24d83f31719746e
004,0,0.0,regular,full,sequential_ui_forward,0,workload_first_pass_shared_process_cache,1698,1187087,28490088,3646.2974600000043,3710.053667,1.7970420000000003,2.1577919999999997,50.558499,325809.951884726,5120,3418,784102020,0,5120,0,96d9ae52d98e3f544c9accc67b7f2acc8506daa6e5c3147b17d9a7c0c4735670
004,0,0.0,regular,full,sequential_ui_forward,1,workload_immediate_repeat_shared_process_cache,1698,1187087,28490088,3628.1343819999915,3690.474209,1.7353340000000002,1.952208,38.479251,327441.0137325511,5120,3418,784102020,0,5120,0,96d9ae52d98e3f544c9accc67b7f2acc8506daa6e5c3147b17d9a7c0c4735670
004,0,0.0,regular,full,sequential_ui_reverse,0,workload_first_pass_shared_process_cache,1698,1187087,28490088,3349.3617470000086,3410.599708,1.73825,2.09875,79.572291,354694.4432216318,5120,3418,784102020,0,5120,0,7a015f92bb3966c236ec8d43bb120b56847634356a809923c86a20f58f29ad5e
004,0,0.0,regular,full,sequential_ui_reverse,1,workload_immediate_repeat_shared_process_cache,1698,1187087,28490088,3199.903865000009,3260.285042,1.7331670000000001,1.938501,22.964,371261.1534971838,5120,3418,784102020,0,5120,0,7a015f92bb3966c236ec8d43bb120b56847634356a809923c86a20f58f29ad5e
004,0,0.0,hybrid,full,random_frames_contract,0,workload_first_pass_shared_process_cache,128,128,8704,5358.969536999991,5361.407208,21.214417,85.47332999999999,524.034457,,1920,1792,48070727,0,3072,0,2088661f75d94debeaef555365c9e793af09792fb6608d149414af8d76b42ecb
004,0,0.0,hybrid,full,random_frames_contract,1,workload_immediate_repeat_shared_process_cache,128,128,8704,178.46098599999988,178.744417,1.2040400000000002,2.626792,3.521377,,1920,1792,48070727,0,3072,0,2088661f75d94debeaef555365c9e793af09792fb6608d149414af8d76b42ecb
004,0,0.0,hybrid,full,random_frames_ui,0,workload_first_pass_shared_process_cache,128,128,3072,1970.0079220000005,1971.659042,13.650292000000002,30.252207,203.490125,,640,512,8105650,0,1152,0,05862f9493d6a8dbad4e24db20ad6263d3cf51fc266fc64ce3e3550f166ac06b
004,0,0.0,hybrid,full,random_frames_ui,1,workload_immediate_repeat_shared_process_cache,128,128,3072,85.53979199999998,85.841833,0.560791,1.1679169999999999,1.606749,,640,512,8105650,0,1152,0,05862f9493d6a8dbad4e24db20ad6263d3cf51fc266fc64ce3e3550f166ac06b
004,0,0.0,hybrid,full,random_ranges_contract,0,workload_first_pass_shared_process_cache,64,2048,139264,935.309034,936.866708,3.9610410000000003,55.539542000000004,101.29804000000001,,960,896,23626630,0,1536,0,22eed604776c14ca9b08375c6d812b383c580f0bcc4fb64bc3f921d96c4d7120
004,0,0.0,hybrid,full,random_ranges_contract,1,workload_immediate_repeat_shared_process_cache,64,2048,139264,96.58287800000004,97.085083,1.26021,2.8414599999999997,3.1824170000000005,,960,896,23626630,0,1536,0,22eed604776c14ca9b08375c6d812b383c580f0bcc4fb64bc3f921d96c4d7120
004,0,0.0,hybrid,full,sequential_contract_forward,0,workload_first_pass_shared_process_cache,1698,1187087,80721916,2526.4166429999923,2691.744416,1.1376260000000002,1.237166,61.871832999999995,470231.2278109876,26053,23786,652860428,0,41378,0,b021cb12a40e37e28466406b6aff96023c9bd85a524242b5d24d83f31719746e
004,0,0.0,hybrid,full,sequential_contract_forward,1,workload_immediate_repeat_shared_process_cache,1698,1187087,80721916,2023.1313800000005,2190.188875,1.143168,1.22075,49.752083,587208.5281975112,26053,23786,652860428,0,41378,0,b021cb12a40e37e28466406b6aff96023c9bd85a524242b5d24d83f31719746e
004,0,0.0,hybrid,full,sequential_ui_forward,0,workload_first_pass_shared_process_cache,1698,1187087,28490088,929.9401740000005,991.03,0.3745,0.40866600000000003,39.502707,1277501.5352761815,8672,6796,109306347,0,15502,0,96d9ae52d98e3f544c9accc67b7f2acc8506daa6e5c3147b17d9a7c0c4735670
004,0,0.0,hybrid,full,sequential_ui_forward,1,workload_immediate_repeat_shared_process_cache,1698,1187087,28490088,643.4983800000008,704.186666,0.380334,0.405125,0.43020700000000006,1846158.4938255765,8672,6796,109306347,0,15502,0,96d9ae52d98e3f544c9accc67b7f2acc8506daa6e5c3147b17d9a7c0c4735670
004,0,0.0,hybrid,full,sequential_ui_reverse,0,workload_first_pass_shared_process_cache,1698,1187087,28490088,688.6956480000015,749.765375,0.38370800000000005,0.412583,15.662043,1725000.0104545418,8672,6796,109306347,0,15502,0,7a015f92bb3966c236ec8d43bb120b56847634356a809923c86a20f58f29ad5e
004,0,0.0,hybrid,full,sequential_ui_reverse,1,workload_immediate_repeat_shared_process_cache,1698,1187087,28490088,645.4116450000017,706.527667,0.381666,0.404793,0.44670799999999994,1840685.7223656026,8672,6796,109306347,0,15502,0,7a015f92bb3966c236ec8d43bb120b56847634356a809923c86a20f58f29ad5e
004,134217728,128.0,hybrid,full,random_frames_contract,0,workload_first_pass_shared_process_cache,128,128,8704,117.68232099999987,117.931,0.266167,0.8674180000000001,38.68570900000001,,311,311,17239676,2028,321,0,2088661f75d94debeaef555365c9e793af09792fb6608d149414af8d76b42ecb
004,134217728,128.0,hybrid,full,random_frames_contract,1,workload_immediate_repeat_shared_process_cache,128,128,8704,10.937913999999974,11.138792,0.08495799999999999,0.09287699999999999,0.11112299999999999,,0,0,0,2048,0,0,2088661f75d94debeaef555365c9e793af09792fb6608d149414af8d76b42ecb
004,134217728,128.0,hybrid,full,random_frames_ui,0,workload_first_pass_shared_process_cache,128,128,3072,23.547280999999998,23.687708,0.179792,0.38291800000000004,0.5997509999999999,,126,125,3495942,758,166,0,05862f9493d6a8dbad4e24db20ad6263d3cf51fc266fc64ce3e3550f166ac06b
004,134217728,128.0,hybrid,full,random_frames_ui,1,workload_immediate_repeat_shared_process_cache,128,128,3072,3.9668380000000005,4.106625,0.030834,0.033542,0.035208,,0,0,0,768,0,0,05862f9493d6a8dbad4e24db20ad6263d3cf51fc266fc64ce3e3550f166ac06b
004,134217728,128.0,hybrid,full,random_ranges_contract,0,workload_first_pass_shared_process_cache,64,2048,139264,15.11833299999997,15.515917,0.089501,0.771834,1.088043,,64,64,2248061,1024,66,0,22eed604776c14ca9b08375c6d812b383c580f0bcc4fb64bc3f921d96c4d7120
004,134217728,128.0,hybrid,full,random_ranges_contract,1,workload_immediate_repeat_shared_process_cache,64,2048,139264,5.339488999999999,5.732042,0.081957,0.091957,0.09912599999999999,,0,0,0,1024,0,0,22eed604776c14ca9b08375c6d812b383c580f0bcc4fb64bc3f921d96c4d7120
004,134217728,128.0,hybrid,full,sequential_contract_forward,0,workload_first_pass_shared_process_cache,1698,1187087,80721916,169.32275800000065,332.991834,0.07196,0.08312499999999999,25.281540000000003,7016186.211660901,59,59,2376035,27787,59,0,b021cb12a40e37e28466406b6aff96023c9bd85a524242b5d24d83f31719746e
004,134217728,128.0,hybrid,full,sequential_contract_forward,1,workload_immediate_repeat_shared_process_cache,1698,1187087,80721916,120.8104420000006,285.723833,0.07025200000000001,0.077668,0.102958,9833587.066919215,0,0,0,27787,0,0,b021cb12a40e37e28466406b6aff96023c9bd85a524242b5d24d83f31719746e
004,134217728,128.0,hybrid,full,sequential_ui_forward,0,workload_first_pass_shared_process_cache,1698,1187087,28490088,52.745331000000164,113.940666,0.027417000000000004,0.032126,0.208542,22523320.59495458,38,38,831371,10406,38,0,96d9ae52d98e3f544c9accc67b7f2acc8506daa6e5c3147b17d9a7c0c4735670
004,134217728,128.0,hybrid,full,sequential_ui_forward,1,workload_immediate_repeat_shared_process_cache,1698,1187087,28490088,46.014889000000146,106.474125,0.026666000000000002,0.030333,0.039458,25817730.430687256,0,0,0,10406,0,0,96d9ae52d98e3f544c9accc67b7f2acc8506daa6e5c3147b17d9a7c0c4735670
004,134217728,128.0,hybrid,full,sequential_ui_reverse,0,workload_first_pass_shared_process_cache,1698,1187087,28490088,45.511992999999876,106.617166,0.026417000000000003,0.029582999999999998,0.036957000000000004,26103009.815456845,0,0,0,10406,0,0,7a015f92bb3966c236ec8d43bb120b56847634356a809923c86a20f58f29ad5e
004,134217728,128.0,hybrid,full,sequential_ui_reverse,1,workload_immediate_repeat_shared_process_cache,1698,1187087,28490088,45.53600200000011,106.254792,0.026333999999999996,0.029708,0.075083,26089246.921589583,0,0,0,10406,0,0,7a015f92bb3966c236ec8d43bb120b56847634356a809923c86a20f58f29ad5e
004,134217728,128.0,regular,full,random_frames_contract,0,workload_first_pass_shared_process_cache,128,128,8704,2494.633649000001,2495.709167,0.26825099999999996,152.95333399999998,442.19687600000003,,50,50,21265717,974,50,0,2088661f75d94debeaef555365c9e793af09792fb6608d149414af8d76b42ecb
004,134217728,128.0,regular,full,random_frames_contract,1,workload_immediate_repeat_shared_process_cache,128,128,8704,22.538507000000056,22.959708,0.16195700000000002,0.29850099999999996,0.40599999999999997,,0,0,0,1024,0,0,2088661f75d94debeaef555365c9e793af09792fb6608d149414af8d76b42ecb
004,134217728,128.0,regular,full,random_frames_ui,0,workload_first_pass_shared_process_cache,128,128,3072,1018.8452949999997,1019.809708,0.09637500000000002,48.925667,137.230417,,28,23,4823302,356,28,0,05862f9493d6a8dbad4e24db20ad6263d3cf51fc266fc64ce3e3550f166ac06b
004,134217728,128.0,regular,full,random_frames_ui,1,workload_immediate_repeat_shared_process_cache,128,128,3072,9.688288999999996,9.949542,0.072458,0.113958,0.20808400000000002,,0,0,0,384,0,0,05862f9493d6a8dbad4e24db20ad6263d3cf51fc266fc64ce3e3550f166ac06b
004,134217728,128.0,regular,full,random_ranges_contract,0,workload_first_pass_shared_process_cache,64,2048,139264,189.58533000000006,190.363375,0.10616499999999998,0.544625,178.860792,,5,5,116100,507,5,0,22eed604776c14ca9b08375c6d812b383c580f0bcc4fb64bc3f921d96c4d7120
004,134217728,128.0,regular,full,random_ranges_contract,1,workload_immediate_repeat_shared_process_cache,64,2048,139264,14.151889999999996,15.266042,0.20141700000000004,0.326168,0.665709,,0,0,0,512,0,0,22eed604776c14ca9b08375c6d812b383c580f0bcc4fb64bc3f921d96c4d7120
004,134217728,128.0,regular,full,sequential_contract_forward,0,workload_first_pass_shared_process_cache,1698,1187087,80721916,122.35088000000081,287.064583,0.07162400000000001,0.07799900000000001,0.10800099999999999,9709778.957045443,0,0,0,13659,0,0,b021cb12a40e37e28466406b6aff96023c9bd85a524242b5d24d83f31719746e
004,134217728,128.0,regular,full,sequential_contract_forward,1,workload_immediate_repeat_shared_process_cache,1698,1187087,80721916,120.23316100000049,285.33825,0.070416,0.076209,0.09954299999999999,9880801.520305993,0,0,0,13659,0,0,b021cb12a40e37e28466406b6aff96023c9bd85a524242b5d24d83f31719746e
004,134217728,128.0,regular,full,sequential_ui_forward,0,workload_first_pass_shared_process_cache,1698,1187087,28490088,54.216088000000035,125.191334,0.028125000000000004,0.056,0.126334,21912315.030918483,0,0,0,5120,0,0,96d9ae52d98e3f544c9accc67b7f2acc8506daa6e5c3147b17d9a7c0c4735670
004,134217728,128.0,regular,full,sequential_ui_forward,1,workload_immediate_repeat_shared_process_cache,1698,1187087,28490088,45.99637500000015,104.742375,0.027000000000000003,0.029875,0.057833,25828122.324857038,0,0,0,5120,0,0,96d9ae52d98e3f544c9accc67b7f2acc8506daa6e5c3147b17d9a7c0c4735670
004,134217728,128.0,regular,full,sequential_ui_reverse,0,workload_first_pass_shared_process_cache,1698,1187087,28490088,45.11860100000013,105.361208,0.026334000000000003,0.029293,0.042457,26330603.646154642,0,0,0,5120,0,0,7a015f92bb3966c236ec8d43bb120b56847634356a809923c86a20f58f29ad5e
004,134217728,128.0,regular,full,sequential_ui_reverse,1,workload_immediate_repeat_shared_process_cache,1698,1187087,28490088,45.07899899999991,105.478875,0.026333999999999996,0.029082999999999998,0.054791000000000006,26353735.139504813,0,0,0,5120,0,0,7a015f92bb3966c236ec8d43bb120b56847634356a809923c86a20f58f29ad5e
