process_order,repetition_order,repetition,layout,cache_bytes,read_ahead_frames,offset_read_ms,offset_file_reads,offset_file_bytes,offset_retained_bytes,peak_rss_bytes_after_offsets
0,0,000,regular,134217728,0,143.044583,10,1243457,9504008,42287104
1,1,000,hybrid,0,0,56.667875,4,1243721,9504008,35356672
2,2,000,hybrid,0,350,31.253541,4,1243721,9504008,33046528
3,3,000,hybrid,0,700,16.520334,4,1243721,9504008,34078720
4,4,000,hybrid,16777216,0,31.294416,4,1243721,9504008,42631168
5,5,000,hybrid,16777216,350,26.950208,4,1243721,9504008,41467904
6,6,000,hybrid,16777216,700,26.599458,4,1243721,9504008,42500096
7,7,000,hybrid,33554432,0,18.379583,4,1243721,9504008,42647552
8,8,000,hybrid,33554432,350,73.468583,4,1243721,9504008,42614784
9,9,000,hybrid,33554432,700,83.59075,4,1243721,9504008,41598976
10,10,000,hybrid,67108864,0,15.39,4,1243721,9504008,42598400
11,11,000,hybrid,67108864,350,35.479917,4,1243721,9504008,42532864
12,12,000,hybrid,67108864,700,21.188333,4,1243721,9504008,42532864
13,13,000,hybrid,134217728,0,30.7445,4,1243721,9504008,41549824
14,14,000,hybrid,134217728,350,18.283,4,1243721,9504008,42647552
15,15,000,hybrid,134217728,700,39.109542,4,1243721,9504008,42565632
16,0,001,hybrid,0,700,143.336083,4,1243721,9504008,35241984
17,1,001,hybrid,0,350,20.6525,4,1243721,9504008,34095104
18,2,001,hybrid,0,0,20.408834,4,1243721,9504008,34095104
19,3,001,hybrid,134217728,700,47.352833,4,1243721,9504008,42500096
20,4,001,hybrid,134217728,350,17.464292,4,1243721,9504008,42631168
21,5,001,regular,134217728,0,146.082416,10,1243457,9504008,42188800
22,6,001,hybrid,134217728,0,96.890208,4,1243721,9504008,42614784
23,7,001,hybrid,67108864,700,22.796625,4,1243721,9504008,42532864
24,8,001,hybrid,67108864,350,21.97325,4,1243721,9504008,42647552
25,9,001,hybrid,67108864,0,21.957833,4,1243721,9504008,42680320
26,10,001,hybrid,33554432,700,33.278583,4,1243721,9504008,42582016
27,11,001,hybrid,33554432,350,79.434875,4,1243721,9504008,42582016
28,12,001,hybrid,33554432,0,20.334833,4,1243721,9504008,42549248
29,13,001,hybrid,16777216,700,27.335,4,1243721,9504008,42598400
30,14,001,hybrid,16777216,350,70.364667,4,1243721,9504008,41582592
31,15,001,hybrid,16777216,0,66.46175,4,1243721,9504008,42647552
32,0,002,hybrid,33554432,0,129.816667,4,1243721,9504008,41648128
33,1,002,hybrid,33554432,350,62.126167,4,1243721,9504008,42598400
34,2,002,hybrid,33554432,700,20.501875,4,1243721,9504008,42516480
35,3,002,hybrid,67108864,0,35.122584,4,1243721,9504008,42582016
36,4,002,hybrid,67108864,350,17.423083,4,1243721,9504008,42680320
37,5,002,hybrid,67108864,700,21.128958,4,1243721,9504008,42663936
38,6,002,hybrid,134217728,0,20.555583,4,1243721,9504008,42549248
39,7,002,hybrid,134217728,350,44.980208,4,1243721,9504008,42450944
40,8,002,hybrid,134217728,700,65.108917,4,1243721,9504008,41631744
41,9,002,hybrid,0,0,21.626167,4,1243721,9504008,34258944
42,10,002,regular,134217728,0,138.017208,10,1243457,9504008,42188800
43,11,002,hybrid,0,350,95.807833,4,1243721,9504008,36388864
44,12,002,hybrid,0,700,26.087,4,1243721,9504008,35192832
45,13,002,hybrid,16777216,0,20.974916,4,1243721,9504008,42598400
46,14,002,hybrid,16777216,350,22.553083,4,1243721,9504008,41517056
47,15,002,hybrid,16777216,700,29.357792,4,1243721,9504008,42647552
48,0,003,hybrid,33554432,700,135.227583,4,1243721,9504008,42680320
49,1,003,hybrid,33554432,350,69.004083,4,1243721,9504008,41664512
50,2,003,hybrid,33554432,0,63.978333,4,1243721,9504008,42647552
51,3,003,hybrid,16777216,700,50.080541,4,1243721,9504008,42631168
52,4,003,hybrid,16777216,350,16.864875,4,1243721,9504008,42532864
53,5,003,hybrid,16777216,0,21.763208,4,1243721,9504008,42647552
54,6,003,hybrid,0,700,20.444083,4,1243721,9504008,34029568
55,7,003,hybrid,0,350,44.510459,4,1243721,9504008,34209792
56,8,003,hybrid,0,0,17.101875,4,1243721,9504008,34160640
57,9,003,hybrid,134217728,700,21.599291,4,1243721,9504008,42582016
58,10,003,hybrid,134217728,350,21.052,4,1243721,9504008,42598400
59,11,003,hybrid,134217728,0,99.408625,4,1243721,9504008,42614784
60,12,003,hybrid,67108864,700,18.33625,4,1243721,9504008,42598400
61,13,003,hybrid,67108864,350,22.538333,4,1243721,9504008,42680320
62,14,003,hybrid,67108864,0,18.159333,4,1243721,9504008,42663936
63,15,003,regular,134217728,0,140.450834,10,1243457,9504008,42156032
64,0,004,hybrid,134217728,0,120.379625,4,1243721,9504008,42795008
65,1,004,hybrid,134217728,350,20.665291,4,1243721,9504008,42582016
66,2,004,hybrid,134217728,700,21.866291,4,1243721,9504008,42549248
67,3,004,hybrid,0,0,20.857583,4,1243721,9504008,34111488
68,4,004,regular,134217728,0,144.330125,10,1243457,9504008,42074112
69,5,004,hybrid,0,350,86.593291,4,1243721,9504008,35274752
70,6,004,hybrid,0,700,28.540666,4,1243721,9504008,35209216
71,7,004,hybrid,16777216,0,21.530875,4,1243721,9504008,42516480
72,8,004,hybrid,16777216,350,23.425625,4,1243721,9504008,42631168
73,9,004,hybrid,16777216,700,26.582833,4,1243721,9504008,42647552
74,10,004,hybrid,33554432,0,23.050125,4,1243721,9504008,42549248
75,11,004,hybrid,33554432,350,21.0745,4,1243721,9504008,42500096
76,12,004,hybrid,33554432,700,22.692292,4,1243721,9504008,42631168
77,13,004,hybrid,67108864,0,30.95625,4,1243721,9504008,42614784
78,14,004,hybrid,67108864,350,32.290125,4,1243721,9504008,42532864
79,15,004,hybrid,67108864,700,21.235666,4,1243721,9504008,42614784
