process_order,repetition_order,repetition,layout,cache_bytes,cache_mib,read_ahead_frames,read_ahead_seconds,direction,direction_order_index,deadline_miss_rate,post_warmup_deadline_miss_rate,presentation_misses,page_read_p95_ms,queue_delay_p95_ms,late_completion_p95_ms,file_reads,file_bytes,tensorstore_cache_hits,tensorstore_cache_misses,tensorstore_cache_evictions,peak_concurrent_field_reads,scheduler_promotions,scheduler_cancellations,speculative_pages,useful_speculative_pages,useful_speculative_ratio,presentation_cache_evictions,presentation_cache_peak_bytes,peak_rss_bytes
0,0,000,regular,134217728,128.0,0,0.0,forward,0,0.0,0.0,0,1.541875,0.556458,0.0,3,603167,147,3,0,3,0,0,0,0,0.0,18,53760,45907968
0,0,000,regular,134217728,128.0,0,0.0,reverse,1,0.0,0.0,0,1.119208,0.165708,0.0,0,0,150,0,0,3,0,0,0,0,0.0,18,53760,45924352
1,1,000,hybrid,0,0.0,0,0.0,forward,0,0.0,0.0,0,18.259708,0.14125,0.0,250,3826500,0,450,0,3,0,0,0,0,0.0,18,53760,36913152
1,1,000,hybrid,0,0.0,0,0.0,reverse,1,0.0,0.0,0,2.435917,0.110709,0.0,250,3826500,0,450,0,3,0,0,0,0,0.0,18,53760,36978688
2,2,000,hybrid,0,0.0,350,0.5,forward,0,0.0,0.0,0,2.382833,0.588875,0.0,250,3826500,0,450,0,3,0,0,48,48,1.0,18,53760,34390016
2,2,000,hybrid,0,0.0,350,0.5,reverse,1,0.0,0.0,0,12.217208,3.131834,0.0,250,3826500,0,450,0,3,0,0,48,48,1.0,18,53760,34439168
3,3,000,hybrid,0,0.0,700,1.0,forward,0,0.0,0.0,0,4.054834,1.872834,0.0,250,3826500,0,450,0,3,0,0,48,48,1.0,18,53760,35504128
3,3,000,hybrid,0,0.0,700,1.0,reverse,1,0.0,0.0,0,1.965958,7.404291,0.0,250,3826500,0,450,0,3,0,0,48,48,1.0,18,53760,35553280
4,4,000,hybrid,16777216,16.0,0,0.0,forward,0,0.0,0.0,0,0.752542,0.098333,0.0,5,76530,294,9,0,3,0,0,0,0,0.0,18,53760,43532288
4,4,000,hybrid,16777216,16.0,0,0.0,reverse,1,0.0,0.0,0,0.93375,0.129833,0.0,0,0,300,0,0,3,0,0,0,0,0.0,18,53760,43548672
5,5,000,hybrid,16777216,16.0,350,0.5,forward,0,0.0,0.0,0,1.746292,0.288875,0.0,5,76530,294,9,0,3,0,0,48,48,1.0,18,53760,42450944
5,5,000,hybrid,16777216,16.0,350,0.5,reverse,1,0.0,0.0,0,1.008834,0.598125,0.0,0,0,300,0,0,3,0,0,48,48,1.0,18,53760,42450944
6,6,000,hybrid,16777216,16.0,700,1.0,forward,0,0.0,0.0,0,1.167916,0.51225,0.0,5,76530,294,9,0,3,0,0,48,48,1.0,18,53760,43630592
6,6,000,hybrid,16777216,16.0,700,1.0,reverse,1,0.0,0.0,0,0.604334,1.690667,0.0,0,0,300,0,0,3,0,0,48,48,1.0,18,53760,43696128
7,7,000,hybrid,33554432,32.0,0,0.0,forward,0,0.0,0.0,0,1.060084,0.166792,0.0,5,76530,294,9,0,3,0,0,0,0,0.0,18,53760,43696128
7,7,000,hybrid,33554432,32.0,0,0.0,reverse,1,0.0,0.0,0,1.321375,0.101875,0.0,0,0,300,0,0,3,0,0,0,0,0.0,18,53760,43712512
8,8,000,hybrid,33554432,32.0,350,0.5,forward,0,0.0,0.0,0,1.305459,0.166125,0.0,5,76530,294,9,0,3,0,0,48,48,1.0,18,53760,43778048
8,8,000,hybrid,33554432,32.0,350,0.5,reverse,1,0.0,0.0,0,0.571667,0.518791,0.0,0,0,300,0,0,3,0,0,48,48,1.0,18,53760,43843584
9,9,000,hybrid,33554432,32.0,700,1.0,forward,0,0.0,0.0,0,0.820125,0.724958,0.0,5,76530,294,9,0,3,0,0,48,48,1.0,18,53760,42827776
9,9,000,hybrid,33554432,32.0,700,1.0,reverse,1,0.0,0.0,0,0.631583,1.3555,0.0,0,0,300,0,0,3,0,0,48,48,1.0,18,53760,42893312
10,10,000,hybrid,67108864,64.0,0,0.0,forward,0,0.0,0.0,0,0.812958,0.142875,0.0,5,76530,294,9,0,3,0,0,0,0,0.0,18,53760,43794432
10,10,000,hybrid,67108864,64.0,0,0.0,reverse,1,0.0,0.0,0,2.015458,0.164125,0.0,0,0,300,0,0,3,0,0,0,0,0.0,18,53760,43810816
11,11,000,hybrid,67108864,64.0,350,0.5,forward,0,0.0,0.0,0,0.885917,0.164083,0.0,5,76530,294,9,0,3,0,0,48,48,1.0,18,53760,43352064
11,11,000,hybrid,67108864,64.0,350,0.5,reverse,1,0.0,0.0,0,1.010542,0.672,0.0,0,0,300,0,0,3,0,0,48,48,1.0,18,53760,43401216
12,12,000,hybrid,67108864,64.0,700,1.0,forward,0,0.0,0.0,0,1.444,0.479458,0.0,5,76530,294,9,0,3,0,0,48,48,1.0,18,53760,43548672
12,12,000,hybrid,67108864,64.0,700,1.0,reverse,1,0.0,0.0,0,0.506,1.587125,0.0,0,0,300,0,0,3,0,0,48,48,1.0,18,53760,43597824
13,13,000,hybrid,134217728,128.0,0,0.0,forward,0,0.0,0.0,0,2.223375,0.156708,0.0,5,76530,294,9,0,3,0,0,0,0,0.0,18,53760,42549248
13,13,000,hybrid,134217728,128.0,0,0.0,reverse,1,0.0,0.0,0,0.77075,0.108583,0.0,0,0,300,0,0,3,0,0,0,0,0.0,18,53760,42598400
14,14,000,hybrid,134217728,128.0,350,0.5,forward,0,0.0,0.0,0,0.950958,0.21775,0.0,5,76530,294,9,0,3,0,0,48,48,1.0,18,53760,43745280
14,14,000,hybrid,134217728,128.0,350,0.5,reverse,1,0.0,0.0,0,0.773834,1.574917,0.0,0,0,300,0,0,3,0,0,48,48,1.0,18,53760,43761664
15,15,000,hybrid,134217728,128.0,700,1.0,forward,0,0.0,0.0,0,0.632791,0.561,0.0,5,76530,294,9,0,3,0,0,48,48,1.0,18,53760,43384832
15,15,000,hybrid,134217728,128.0,700,1.0,reverse,1,0.0,0.0,0,0.967417,2.169375,0.0,0,0,300,0,0,3,0,0,48,48,1.0,18,53760,43417600
16,0,001,hybrid,0,0.0,700,1.0,forward,1,0.0,0.0,0,2.677667,9.395542,0.0,250,3826500,0,450,0,3,0,0,48,48,1.0,18,53760,36618240
16,0,001,hybrid,0,0.0,700,1.0,reverse,0,0.0,0.0,0,5.150958,8.478125,0.0,250,3826500,0,450,0,3,0,0,48,48,1.0,18,53760,36569088
17,1,001,hybrid,0,0.0,350,0.5,forward,1,0.0,0.0,0,2.597417,2.809,0.0,250,3826500,0,450,0,3,0,0,48,48,1.0,18,53760,35766272
17,1,001,hybrid,0,0.0,350,0.5,reverse,0,0.0,0.0,0,3.105584,0.65575,0.0,250,3826500,0,450,0,3,0,0,48,48,1.0,18,53760,35766272
18,2,001,hybrid,0,0.0,0,0.0,forward,1,0.0,0.0,0,11.946,0.156292,0.0,250,3826500,0,450,0,3,0,0,0,0,0.0,18,53760,35782656
18,2,001,hybrid,0,0.0,0,0.0,reverse,0,0.0,0.0,0,3.636417,0.213667,0.0,250,3826500,0,450,0,3,0,0,0,0,0.0,18,53760,35684352
19,3,001,hybrid,134217728,128.0,700,1.0,forward,1,0.0,0.0,0,0.745583,2.095792,0.0,0,0,300,0,0,3,0,0,48,48,1.0,18,53760,43761664
19,3,001,hybrid,134217728,128.0,700,1.0,reverse,0,0.0,0.0,0,0.961959,0.571167,0.0,5,76530,294,9,0,3,0,0,48,48,1.0,18,53760,43696128
20,4,001,hybrid,134217728,128.0,350,0.5,forward,1,0.0,0.0,0,1.059125,0.569875,0.0,0,0,300,0,0,3,0,0,48,48,1.0,18,53760,43712512
20,4,001,hybrid,134217728,128.0,350,0.5,reverse,0,0.0,0.0,0,1.521,0.189959,0.0,5,76530,294,9,0,3,0,0,48,48,1.0,18,53760,43696128
21,5,001,regular,134217728,128.0,0,0.0,forward,1,0.0,0.0,0,0.704792,0.116709,0.0,0,0,150,0,0,3,0,0,0,0,0.0,18,53760,45268992
21,5,001,regular,134217728,128.0,0,0.0,reverse,0,0.0,0.0,0,1.745667,0.164959,0.0,3,603167,147,3,0,3,0,0,0,0,0.0,18,53760,45236224
22,6,001,hybrid,134217728,128.0,0,0.0,forward,1,0.0,0.0,0,0.8665,0.11825,0.0,0,0,300,0,0,3,0,0,0,0,0.0,18,53760,43843584
22,6,001,hybrid,134217728,128.0,0,0.0,reverse,0,0.0,0.0,0,0.707,0.101,0.0,5,76530,294,9,0,3,0,0,0,0,0.0,18,53760,43810816
23,7,001,hybrid,67108864,64.0,700,1.0,forward,1,0.0,0.0,0,1.383458,1.355666,0.0,0,0,300,0,0,3,0,0,48,48,1.0,18,53760,43417600
23,7,001,hybrid,67108864,64.0,700,1.0,reverse,0,0.0,0.0,0,0.723875,0.551,0.0,5,76530,294,9,0,3,0,0,48,48,1.0,18,53760,43368448
24,8,001,hybrid,67108864,64.0,350,0.5,forward,1,0.0,0.0,0,0.931292,0.40875,0.0,0,0,300,0,0,3,0,0,48,48,1.0,18,53760,43728896
24,8,001,hybrid,67108864,64.0,350,0.5,reverse,0,0.0,0.0,0,0.760917,0.284792,0.0,5,76530,294,9,0,3,0,0,48,48,1.0,18,53760,43696128
25,9,001,hybrid,67108864,64.0,0,0.0,forward,1,0.0,0.0,0,0.596417,0.078291,0.0,0,0,300,0,0,3,0,0,0,0,0.0,18,53760,43778048
25,9,001,hybrid,67108864,64.0,0,0.0,reverse,0,0.0,0.0,0,1.131125,0.2665,0.0,5,76530,294,9,0,3,0,0,0,0,0.0,18,53760,43745280
26,10,001,hybrid,33554432,32.0,700,1.0,forward,1,0.0,0.0,0,5.135708,1.716792,0.0,0,0,300,0,0,3,0,0,48,48,1.0,18,53760,43794432
26,10,001,hybrid,33554432,32.0,700,1.0,reverse,0,0.0,0.0,0,0.728792,0.618042,0.0,5,76530,294,9,0,3,0,0,48,48,1.0,18,53760,43761664
27,11,001,hybrid,33554432,32.0,350,0.5,forward,1,0.0,0.0,0,0.852,0.385333,0.0,0,0,300,0,0,3,0,0,48,48,1.0,18,53760,43401216
27,11,001,hybrid,33554432,32.0,350,0.5,reverse,0,0.0,0.0,0,0.945125,0.243042,0.0,5,76530,294,9,0,3,0,0,48,48,1.0,18,53760,43384832
28,12,001,hybrid,33554432,32.0,0,0.0,forward,1,0.0,0.0,0,0.676125,0.077,0.0,0,0,300,0,0,3,0,0,0,0,0.0,18,53760,43597824
28,12,001,hybrid,33554432,32.0,0,0.0,reverse,0,0.0,0.0,0,0.616208,0.067583,0.0,5,76530,294,9,0,3,0,0,0,0,0.0,18,53760,43581440
29,13,001,hybrid,16777216,16.0,700,1.0,forward,1,0.0,0.0,0,0.854416,1.125583,0.0,0,0,300,0,0,3,0,0,48,48,1.0,18,53760,43761664
29,13,001,hybrid,16777216,16.0,700,1.0,reverse,0,0.0,0.0,0,0.762,0.497208,0.0,5,76530,294,9,0,3,0,0,48,48,1.0,18,53760,43679744
30,14,001,hybrid,16777216,16.0,350,0.5,forward,1,0.0,0.0,0,0.779958,1.026958,0.0,0,0,300,0,0,3,0,0,48,48,1.0,18,53760,42778624
30,14,001,hybrid,16777216,16.0,350,0.5,reverse,0,0.0,0.0,0,0.690042,0.2955,0.0,5,76530,294,9,0,3,0,0,48,48,1.0,18,53760,42745856
31,15,001,hybrid,16777216,16.0,0,0.0,forward,1,0.0,0.0,0,0.684167,0.107667,0.0,0,0,300,0,0,3,0,0,0,0,0.0,18,53760,43859968
31,15,001,hybrid,16777216,16.0,0,0.0,reverse,0,0.0,0.0,0,0.50975,0.123291,0.0,5,76530,294,9,0,3,0,0,0,0,0.0,18,53760,43843584
32,0,002,hybrid,33554432,32.0,0,0.0,forward,0,0.0,0.0,0,0.770333,0.089708,0.0,5,76530,294,9,0,3,0,0,0,0,0.0,18,53760,42565632
32,0,002,hybrid,33554432,32.0,0,0.0,reverse,1,0.0,0.0,0,0.719167,0.07275,0.0,0,0,300,0,0,3,0,0,0,0,0.0,18,53760,42614784
33,1,002,hybrid,33554432,32.0,350,0.5,forward,0,0.0,0.0,0,0.623125,0.201875,0.0,5,76530,294,9,0,3,0,0,48,48,1.0,18,53760,43761664
33,1,002,hybrid,33554432,32.0,350,0.5,reverse,1,0.0,0.0,0,1.058959,0.606,0.0,0,0,300,0,0,3,0,0,48,48,1.0,18,53760,43778048
34,2,002,hybrid,33554432,32.0,700,1.0,forward,0,0.0,0.0,0,0.77825,0.403625,0.0,5,76530,294,9,0,3,0,0,48,48,1.0,18,53760,43614208
34,2,002,hybrid,33554432,32.0,700,1.0,reverse,1,0.0,0.0,0,0.849209,3.331333,0.0,0,0,300,0,0,3,0,0,48,48,1.0,18,53760,43646976
35,3,002,hybrid,67108864,64.0,0,0.0,forward,0,0.0,0.0,0,1.2715,0.131416,0.0,5,76530,294,9,0,3,0,0,0,0,0.0,18,53760,43417600
35,3,002,hybrid,67108864,64.0,0,0.0,reverse,1,0.0,0.0,0,1.356625,0.096625,0.0,0,0,300,0,0,3,0,0,0,0,0.0,18,53760,43433984
36,4,002,hybrid,67108864,64.0,350,0.5,forward,0,0.0,0.0,0,0.794,0.177291,0.0,5,76530,294,9,0,3,0,0,48,48,1.0,18,53760,43761664
36,4,002,hybrid,67108864,64.0,350,0.5,reverse,1,0.0,0.0,0,0.585667,0.8215,0.0,0,0,300,0,0,3,0,0,48,48,1.0,18,53760,43778048
37,5,002,hybrid,67108864,64.0,700,1.0,forward,0,0.0,0.0,0,0.608375,0.4735,0.0,5,76530,294,9,0,3,0,0,48,48,1.0,18,53760,43745280
37,5,002,hybrid,67108864,64.0,700,1.0,reverse,1,0.0,0.0,0,0.771708,2.675917,0.0,0,0,300,0,0,3,0,0,48,48,1.0,18,53760,43778048
38,6,002,hybrid,134217728,128.0,0,0.0,forward,0,0.0,0.0,0,0.928916,0.109958,0.0,5,76530,294,9,0,3,0,0,0,0,0.0,18,53760,43712512
38,6,002,hybrid,134217728,128.0,0,0.0,reverse,1,0.0,0.0,0,0.663458,0.111667,0.0,0,0,300,0,0,3,0,0,0,0,0.0,18,53760,43745280
39,7,002,hybrid,134217728,128.0,350,0.5,forward,0,0.0,0.0,0,0.726791,0.18925,0.0,5,76530,294,9,0,3,0,0,48,48,1.0,18,53760,43679744
39,7,002,hybrid,134217728,128.0,350,0.5,reverse,1,0.0,0.0,0,0.606416,0.396875,0.0,0,0,300,0,0,3,0,0,48,48,1.0,18,53760,43696128
40,8,002,hybrid,134217728,128.0,700,1.0,forward,0,0.0,0.0,0,1.988542,0.52925,0.0,5,76530,294,9,0,3,0,0,48,48,1.0,18,53760,42729472
40,8,002,hybrid,134217728,128.0,700,1.0,reverse,1,0.0,0.0,0,0.706833,1.870917,0.0,0,0,300,0,0,3,0,0,48,48,1.0,18,53760,42762240
41,9,002,hybrid,0,0.0,0,0.0,forward,0,0.0,0.0,0,2.6385,0.09525,0.0,250,3826500,0,450,0,3,0,0,0,0,0.0,18,53760,35553280
41,9,002,hybrid,0,0.0,0,0.0,reverse,1,0.0,0.0,0,12.791042,0.095917,0.0,250,3826500,0,450,0,3,0,0,0,0,0.0,18,53760,35618816
42,10,002,regular,134217728,128.0,0,0.0,forward,0,0.0,0.0,0,1.426709,0.332875,0.0,3,603167,147,3,0,3,0,0,0,0,0.0,18,53760,45694976
42,10,002,regular,134217728,128.0,0,0.0,reverse,1,0.0,0.0,0,0.641541,0.102667,0.0,0,0,150,0,0,3,0,0,0,0,0.0,18,53760,45744128
43,11,002,hybrid,0,0.0,350,0.5,forward,0,0.0,0.0,0,3.524125,1.201709,0.0,250,3826500,0,450,0,3,0,0,48,48,1.0,18,53760,38043648
43,11,002,hybrid,0,0.0,350,0.5,reverse,1,0.0,0.0,0,3.767667,2.16425,0.0,250,3826500,0,450,0,3,0,0,48,48,1.0,18,53760,38060032
44,12,002,hybrid,0,0.0,700,1.0,forward,0,0.0,0.0,0,5.257,2.002959,0.0,250,3826500,0,450,0,3,0,0,48,48,1.0,18,53760,36536320
44,12,002,hybrid,0,0.0,700,1.0,reverse,1,0.0,0.0,0,4.256417,6.675667,0.0,250,3826500,0,450,0,3,0,0,48,48,1.0,18,53760,36651008
45,13,002,hybrid,16777216,16.0,0,0.0,forward,0,0.0,0.0,0,1.033208,0.102042,0.0,5,76530,294,9,0,3,0,0,0,0,0.0,18,53760,43614208
45,13,002,hybrid,16777216,16.0,0,0.0,reverse,1,0.0,0.0,0,0.938958,0.123,0.0,0,0,300,0,0,3,0,0,0,0,0.0,18,53760,43646976
46,14,002,hybrid,16777216,16.0,350,0.5,forward,0,0.0,0.0,0,0.692291,0.225458,0.0,5,76530,294,9,0,3,0,0,48,48,1.0,18,53760,42549248
46,14,002,hybrid,16777216,16.0,350,0.5,reverse,1,0.0,0.0,0,0.741417,0.545167,0.0,0,0,300,0,0,3,0,0,48,48,1.0,18,53760,42565632
47,15,002,hybrid,16777216,16.0,700,1.0,forward,0,0.0,0.0,0,0.767083,0.50375,0.0,5,76530,294,9,0,3,0,0,48,48,1.0,18,53760,43712512
47,15,002,hybrid,16777216,16.0,700,1.0,reverse,1,0.0,0.0,0,1.345625,1.074875,0.0,0,0,300,0,0,3,0,0,48,48,1.0,18,53760,43761664
48,0,003,hybrid,33554432,32.0,700,1.0,forward,1,0.0,0.0,0,0.98625,1.249916,0.0,0,0,300,0,0,3,0,0,48,48,1.0,18,53760,43925504
48,0,003,hybrid,33554432,32.0,700,1.0,reverse,0,0.0,0.0,0,1.44375,0.830458,0.0,5,76530,294,9,0,3,0,0,48,48,1.0,18,53760,43859968
49,1,003,hybrid,33554432,32.0,350,0.5,forward,1,0.0,0.0,0,0.6685,0.335542,0.0,0,0,300,0,0,3,0,0,48,48,1.0,18,53760,42893312
49,1,003,hybrid,33554432,32.0,350,0.5,reverse,0,0.0,0.0,0,1.00375,0.225584,0.0,5,76530,294,9,0,3,0,0,48,48,1.0,18,53760,42844160
50,2,003,hybrid,33554432,32.0,0,0.0,forward,1,0.0,0.0,0,0.958167,0.093167,0.0,0,0,300,0,0,3,0,0,0,0,0.0,18,53760,43515904
50,2,003,hybrid,33554432,32.0,0,0.0,reverse,0,0.0,0.0,0,1.007917,0.082959,0.0,5,76530,294,9,0,3,0,0,0,0,0.0,18,53760,43466752
51,3,003,hybrid,16777216,16.0,700,1.0,forward,1,0.0,0.0,0,0.568916,1.42225,0.0,0,0,300,0,0,3,0,0,48,48,1.0,18,53760,43794432
51,3,003,hybrid,16777216,16.0,700,1.0,reverse,0,0.0,0.0,0,0.781875,0.59025,0.0,5,76530,294,9,0,3,0,0,48,48,1.0,18,53760,43728896
52,4,003,hybrid,16777216,16.0,350,0.5,forward,1,0.0,0.0,0,1.077292,0.7445,0.0,0,0,300,0,0,3,0,0,48,48,1.0,18,53760,43597824
52,4,003,hybrid,16777216,16.0,350,0.5,reverse,0,0.0,0.0,0,0.859375,0.154584,0.0,5,76530,294,9,0,3,0,0,48,48,1.0,18,53760,43548672
53,5,003,hybrid,16777216,16.0,0,0.0,forward,1,0.0,0.0,0,0.763708,0.105292,0.0,0,0,300,0,0,3,0,0,0,0,0.0,18,53760,43630592
53,5,003,hybrid,16777216,16.0,0,0.0,reverse,0,0.0,0.0,0,0.864792,0.118875,0.0,5,76530,294,9,0,3,0,0,0,0,0.0,18,53760,43597824
54,6,003,hybrid,0,0.0,700,1.0,forward,1,0.0,0.0,0,3.140209,11.356875,0.0,250,3826500,0,450,0,3,0,0,48,48,1.0,18,53760,35553280
54,6,003,hybrid,0,0.0,700,1.0,reverse,0,0.0,0.0,0,2.938625,2.1875,0.0,250,3826500,0,450,0,3,0,0,48,48,1.0,18,53760,35504128
55,7,003,hybrid,0,0.0,350,0.5,forward,1,0.0,0.0,0,3.710375,1.171125,0.0,250,3826500,0,450,0,3,0,0,48,48,1.0,18,53760,35160064
55,7,003,hybrid,0,0.0,350,0.5,reverse,0,0.0,0.0,0,3.576792,0.684417,0.0,250,3826500,0,450,0,3,0,0,48,48,1.0,18,53760,35127296
56,8,003,hybrid,0,0.0,0,0.0,forward,1,0.0,0.0,0,3.962042,0.079334,0.0,250,3826500,0,450,0,3,0,0,0,0,0.0,18,53760,35520512
56,8,003,hybrid,0,0.0,0,0.0,reverse,0,0.0,0.0,0,11.711792,0.080875,0.0,250,3826500,0,450,0,3,0,0,0,0,0.0,18,53760,35504128
57,9,003,hybrid,134217728,128.0,700,1.0,forward,1,0.0,0.0,0,0.710958,2.124791,0.0,0,0,300,0,0,3,0,0,48,48,1.0,18,53760,43630592
57,9,003,hybrid,134217728,128.0,700,1.0,reverse,0,0.0,0.0,0,0.555458,0.491708,0.0,5,76530,294,9,0,3,0,0,48,48,1.0,18,53760,43597824
58,10,003,hybrid,134217728,128.0,350,0.5,forward,1,0.0,0.0,0,0.646625,0.935708,0.0,0,0,300,0,0,3,0,0,48,48,1.0,18,53760,43679744
58,10,003,hybrid,134217728,128.0,350,0.5,reverse,0,0.0,0.0,0,0.783792,0.14875,0.0,5,76530,294,9,0,3,0,0,48,48,1.0,18,53760,43646976
59,11,003,hybrid,134217728,128.0,0,0.0,forward,1,0.0,0.0,0,0.872834,0.114834,0.0,0,0,300,0,0,3,0,0,0,0,0.0,18,53760,43794432
59,11,003,hybrid,134217728,128.0,0,0.0,reverse,0,0.0,0.0,0,0.947583,0.178375,0.0,5,76530,294,9,0,3,0,0,0,0,0.0,18,53760,43778048
60,12,003,hybrid,67108864,64.0,700,1.0,forward,1,0.0,0.0,0,0.791042,1.521167,0.0,0,0,300,0,0,3,0,0,48,48,1.0,18,53760,43728896
60,12,003,hybrid,67108864,64.0,700,1.0,reverse,0,0.0,0.0,0,0.612292,0.497417,0.0,5,76530,294,9,0,3,0,0,48,48,1.0,18,53760,43696128
61,13,003,hybrid,67108864,64.0,350,0.5,forward,1,0.0,0.0,0,0.744375,0.593459,0.0,0,0,300,0,0,3,0,0,48,48,1.0,18,53760,43810816
61,13,003,hybrid,67108864,64.0,350,0.5,reverse,0,0.0,0.0,0,0.671458,0.172417,0.0,5,76530,294,9,0,3,0,0,48,48,1.0,18,53760,43778048
62,14,003,hybrid,67108864,64.0,0,0.0,forward,1,0.0,0.0,0,0.6305,0.073958,0.0,0,0,300,0,0,3,0,0,0,0,0.0,18,53760,43778048
62,14,003,hybrid,67108864,64.0,0,0.0,reverse,0,0.0,0.0,0,1.024292,0.125708,0.0,5,76530,294,9,0,3,0,0,0,0,0.0,18,53760,43745280
63,15,003,regular,134217728,128.0,0,0.0,forward,1,0.0,0.0,0,0.864167,0.130375,0.0,0,0,150,0,0,3,0,0,0,0,0.0,18,53760,45187072
63,15,003,regular,134217728,128.0,0,0.0,reverse,0,0.0,0.0,0,0.665417,0.124625,0.0,3,603167,147,3,0,3,0,0,0,0,0.0,18,53760,45137920
64,0,004,hybrid,134217728,128.0,0,0.0,forward,0,0.0,0.0,0,0.761084,0.087917,0.0,5,76530,294,9,0,3,0,0,0,0,0.0,18,53760,43909120
64,0,004,hybrid,134217728,128.0,0,0.0,reverse,1,0.0,0.0,0,0.625417,0.100709,0.0,0,0,300,0,0,3,0,0,0,0,0.0,18,53760,43974656
65,1,004,hybrid,134217728,128.0,350,0.5,forward,0,0.0,0.0,0,0.707333,0.251708,0.0,5,76530,294,9,0,3,0,0,48,48,1.0,18,53760,43663360
65,1,004,hybrid,134217728,128.0,350,0.5,reverse,1,0.0,0.0,0,0.636,0.683417,0.0,0,0,300,0,0,3,0,0,48,48,1.0,18,53760,43728896
66,2,004,hybrid,134217728,128.0,700,1.0,forward,0,0.0,0.0,0,0.618875,0.4155,0.0,5,76530,294,9,0,3,0,0,48,48,1.0,18,53760,43630592
66,2,004,hybrid,134217728,128.0,700,1.0,reverse,1,0.0,0.0,0,0.609166,1.965333,0.0,0,0,300,0,0,3,0,0,48,48,1.0,18,53760,43679744
67,3,004,hybrid,0,0.0,0,0.0,forward,0,0.0,0.0,0,2.227917,0.085708,0.0,250,3826500,0,450,0,3,0,0,0,0,0.0,18,53760,35454976
67,3,004,hybrid,0,0.0,0,0.0,reverse,1,0.0,0.0,0,2.646042,0.103917,0.0,250,3826500,0,450,0,3,0,0,0,0,0.0,18,53760,35454976
68,4,004,regular,134217728,128.0,0,0.0,forward,0,0.0,0.0,0,0.98725,0.092166,0.0,3,603167,147,3,0,3,0,0,0,0,0.0,18,53760,45367296
68,4,004,regular,134217728,128.0,0,0.0,reverse,1,0.0,0.0,0,1.368167,0.192167,0.0,0,0,150,0,0,3,0,0,0,0,0.0,18,53760,45432832
69,5,004,hybrid,0,0.0,350,0.5,forward,0,0.0,0.0,0,3.091916,0.678334,0.0,250,3826500,0,450,0,3,0,0,48,48,1.0,18,53760,36929536
69,5,004,hybrid,0,0.0,350,0.5,reverse,1,0.0,0.0,0,2.177,1.287375,0.0,250,3826500,0,450,0,3,0,0,48,48,1.0,18,53760,36978688
70,6,004,hybrid,0,0.0,700,1.0,forward,0,0.0,0.0,0,3.061125,2.112167,0.0,250,3826500,0,450,0,3,0,0,48,48,1.0,18,53760,36536320
70,6,004,hybrid,0,0.0,700,1.0,reverse,1,0.0,0.0,0,2.295834,9.566083,0.0,250,3826500,0,450,0,3,0,0,48,48,1.0,18,53760,36601856
71,7,004,hybrid,16777216,16.0,0,0.0,forward,0,0.0,0.0,0,0.924375,0.158209,0.0,5,76530,294,9,0,3,0,0,0,0,0.0,18,53760,43565056
71,7,004,hybrid,16777216,16.0,0,0.0,reverse,1,0.0,0.0,0,0.83175,0.141208,0.0,0,0,300,0,0,3,0,0,0,0,0.0,18,53760,43581440
72,8,004,hybrid,16777216,16.0,350,0.5,forward,0,0.0,0.0,0,1.030292,0.171208,0.0,5,76530,294,9,0,3,0,0,48,48,1.0,18,53760,43761664
72,8,004,hybrid,16777216,16.0,350,0.5,reverse,1,0.0,0.0,0,0.689833,0.728041,0.0,0,0,300,0,0,3,0,0,48,48,1.0,18,53760,43778048
73,9,004,hybrid,16777216,16.0,700,1.0,forward,0,0.0,0.0,0,0.796417,0.456542,0.0,5,76530,294,9,0,3,0,0,48,48,1.0,18,53760,43728896
73,9,004,hybrid,16777216,16.0,700,1.0,reverse,1,0.0,0.0,0,0.904083,1.28025,0.0,0,0,300,0,0,3,0,0,48,48,1.0,18,53760,43761664
74,10,004,hybrid,33554432,32.0,0,0.0,forward,0,0.0,0.0,0,1.043792,0.174375,0.0,5,76530,294,9,0,3,0,0,0,0,0.0,18,53760,43384832
74,10,004,hybrid,33554432,32.0,0,0.0,reverse,1,0.0,0.0,0,0.579542,0.085209,0.0,0,0,300,0,0,3,0,0,0,0,0.0,18,53760,43417600
75,11,004,hybrid,33554432,32.0,350,0.5,forward,0,0.0,0.0,0,0.565625,0.169583,0.0,5,76530,294,9,0,3,0,0,48,48,1.0,18,53760,43565056
75,11,004,hybrid,33554432,32.0,350,0.5,reverse,1,0.0,0.0,0,0.935,0.656167,0.0,0,0,300,0,0,3,0,0,48,48,1.0,18,53760,43630592
76,12,004,hybrid,33554432,32.0,700,1.0,forward,0,0.0,0.0,0,0.891292,0.525791,0.0,5,76530,294,9,0,3,0,0,48,48,1.0,18,53760,43745280
76,12,004,hybrid,33554432,32.0,700,1.0,reverse,1,0.0,0.0,0,0.530208,1.171708,0.0,0,0,300,0,0,3,0,0,48,48,1.0,18,53760,43827200
77,13,004,hybrid,67108864,64.0,0,0.0,forward,0,0.0,0.0,0,0.799041,0.070417,0.0,5,76530,294,9,0,3,0,0,0,0,0.0,18,53760,43581440
77,13,004,hybrid,67108864,64.0,0,0.0,reverse,1,0.0,0.0,0,0.834709,0.084875,0.0,0,0,300,0,0,3,0,0,0,0,0.0,18,53760,43614208
78,14,004,hybrid,67108864,64.0,350,0.5,forward,0,0.0,0.0,0,1.106083,0.271333,0.0,5,76530,294,9,0,3,0,0,48,48,1.0,18,53760,43384832
78,14,004,hybrid,67108864,64.0,350,0.5,reverse,1,0.0,0.0,0,0.625292,0.557,0.0,0,0,300,0,0,3,0,0,48,48,1.0,18,53760,43401216
79,15,004,hybrid,67108864,64.0,700,1.0,forward,0,0.0,0.0,0,0.732459,0.550209,0.0,5,76530,294,9,0,3,0,0,48,48,1.0,18,53760,43630592
79,15,004,hybrid,67108864,64.0,700,1.0,reverse,1,0.0,0.0,0,0.663417,1.954625,0.0,0,0,300,0,0,3,0,0,48,48,1.0,18,53760,43663360
